Name,email,phone_number
Melesa Oulett,moulett0@ning.com,247-191-4218
Evangelina Gabriely,egabriely1@businesswire.com,498-843-6004
Windham Riglesford,wriglesford2@reddit.com,838-352-4646
Neala Shambrook,nshambrook3@lycos.com,761-678-4979
Quinn Van Eeden,qvan4@macromedia.com,285-763-7974
Janos Flipsen,jflipsen5@angelfire.com,312-174-3242
Tallulah Placidi,tplacidi6@about.me,681-404-5627
Merill Sloegrave,msloegrave7@google.com.br,588-800-0115
Oren Kindall,okindall8@tinyurl.com,183-942-9503
Opal Corselles,ocorselles9@scientificamerican.com,245-969-1643
Honoria Enevold,henevolda@webeden.co.uk,270-370-9529
Vanda Garcia,vgarciab@netlog.com,627-992-1164
Haslett Midner,hmidnerc@forbes.com,404-521-4823
Arline Jillett,ajillettd@theatlantic.com,992-978-6081
Parry Twatt,ptwatte@altervista.org,450-368-2976
Kaylyn Jurgen,kjurgenf@tinypic.com,247-251-8778
Clywd Tovey,ctoveyg@about.me,569-382-7759
Nanette Toohey,ntooheyh@va.gov,788-849-5867
Ranique Berfoot,rberfooti@scribd.com,448-754-6952
Rene Follet,rfolletj@scribd.com,745-566-6744
Lorrie Aharoni,laharonik@npr.org,266-890-7603
Debra Birkmyre,dbirkmyrel@digg.com,496-536-5779
Worth Ewert,wewertm@baidu.com,637-178-6313
Kelsy Luard,kluardn@elpais.com,790-298-0622
Bond Armstrong,barmstrongo@blogspot.com,726-430-7811
Kin Butterworth,kbutterworthp@microsoft.com,358-797-1153
Clerc Lortz,clortzq@time.com,903-750-1240
Sarette Eliaz,seliazr@biglobe.ne.jp,869-812-3337
Alameda Faughey,afaugheys@irs.gov,177-225-3328
Max Folini,mfolinit@foxnews.com,233-321-5900
Jacklin Hazelby,jhazelbyu@exblog.jp,311-127-2465
Ingemar Boodle,iboodlev@google.fr,651-987-5892
Patricia Boots,pbootsw@blogtalkradio.com,349-867-9542
Dew Tomich,dtomichx@diigo.com,414-234-8353
Terza Ever,tevery@dropbox.com,816-911-2593
Jobye Lorne,jlornez@msn.com,494-923-5651
Simone Zannini,szannini10@google.com.hk,278-100-8674
Ferdie Durtnel,fdurtnel11@facebook.com,620-652-6143
Berk Hymas,bhymas12@intel.com,799-936-5808
Courtnay Cicchillo,ccicchillo13@pagesperso-orange.fr,899-276-8743
Hanson Godlee,hgodlee14@weather.com,322-953-5470
Yorke Boutwell,yboutwell15@dailymail.co.uk,690-917-7097
Roxana Kenforth,rkenforth16@techcrunch.com,359-706-4790
Dulcinea Wychard,dwychard17@opensource.org,407-113-8312
Kariotta Tromans,ktromans18@slideshare.net,991-275-0558
Heinrik Wand,hwand19@mlb.com,608-194-9297
Ardelis Beament,abeament1a@google.co.jp,707-176-8359
Vladamir Chittenden,vchittenden1b@goo.ne.jp,792-194-6649
Emmett Colloff,ecolloff1c@oaic.gov.au,313-473-5458
Alfy Brito,abrito1d@chicagotribune.com,976-842-2500
Hunter Prangnell,hprangnell1e@google.com,812-600-7095
Valerie Lamy,vlamy1f@google.ca,507-648-0041
Melinda Prebble,mprebble1g@cocolog-nifty.com,700-492-0742
Baxter Jakucewicz,bjakucewicz1h@1688.com,450-548-4882
Esmaria Drakeford,edrakeford1i@mail.ru,824-960-9672
Archer Malan,amalan1j@sina.com.cn,910-801-4468
Marylee Ritch,mritch1k@ovh.net,276-371-4693
Daron Bartolomeotti,dbartolomeotti1l@opera.com,262-694-7700
Jermaine Cutten,jcutten1m@biblegateway.com,639-370-5622
Marybeth Goldspink,mgoldspink1n@tamu.edu,967-524-2435
Miquela Deplacido,mdeplacido1o@comcast.net,487-927-2435
Alejoa Leggis,aleggis1p@go.com,221-941-3908
Kennan Bunton,kbunton1q@vimeo.com,382-637-7271
Gan Fearnside,gfearnside1r@sciencedaily.com,717-469-8714
Alexandros Plunket,aplunket1s@latimes.com,301-485-0195
Broderic Chasmar,bchasmar1t@hp.com,322-786-7602
Reese Olland,rolland1u@tripod.com,204-283-3391
Margarita Crosskell,mcrosskell1v@naver.com,171-494-1478
Bob Dawnay,bdawnay1w@nsw.gov.au,908-758-6902
Datha McGlynn,dmcglynn1x@microsoft.com,991-728-6858
Ced Antrag,cantrag1y@cdc.gov,934-115-3121
Frants Guerreru,fguerreru1z@xinhuanet.com,453-680-2771
Moises Klaves,mklaves20@xing.com,543-367-9830
Dallon Simone,dsimone21@accuweather.com,711-604-3499
Luciana Dufour,ldufour22@kickstarter.com,317-199-6059
Anissa Nys,anys23@dedecms.com,842-802-3816
Stanton Docket,sdocket24@usda.gov,858-421-3702
Waneta Rice,wrice25@businessweek.com,120-782-3662
Wolfgang Watford,wwatford26@examiner.com,728-825-5638
Quillan Keble,qkeble27@quantcast.com,130-163-1126
Sal Jeenes,sjeenes28@discuz.net,951-833-9573
Rubie Hucker,rhucker29@hc360.com,616-443-1604
Merrill Rann,mrann2a@histats.com,505-794-9267
Lorna Garard,lgarard2b@wunderground.com,638-605-6587
Calypso Passingham,cpassingham2c@moonfruit.com,945-965-7635
Kirsteni Tapscott,ktapscott2d@is.gd,724-808-9315
Rosemonde Croom,rcroom2e@bbb.org,323-696-7072
Doroteya Erricker,derricker2f@vistaprint.com,309-109-7479
Delly Gabotti,dgabotti2g@etsy.com,566-184-5396
Rossie Curson,rcurson2h@wix.com,672-631-4104
Babb Vigers,bvigers2i@macromedia.com,898-147-4546
Charlotte Strutt,cstrutt2j@sciencedirect.com,642-729-0268
Oberon Biers,obiers2k@rediff.com,545-564-7184
Ganny Seagood,gseagood2l@infoseek.co.jp,292-981-9746
Lauretta Dalling,ldalling2m@elegantthemes.com,931-484-8574
Cheryl Weatherhead,cweatherhead2n@cyberchimps.com,143-413-9476
Deny O'Heaney,doheaney2o@mediafire.com,725-639-3375
Wiley Reicharz,wreicharz2p@economist.com,153-106-5562
Micki Knapton,mknapton2q@house.gov,574-145-1049
Shantee Fawlkes,sfawlkes2r@printfriendly.com,956-417-9220
Basia Edden,bedden2s@tuttocitta.it,121-204-5536
Jarrod Boshier,jboshier2t@usnews.com,501-979-0441
Amandie McGinty,amcginty2u@typepad.com,327-546-5851
Orren Tolworthie,otolworthie2v@howstuffworks.com,441-550-9637
Feodora Gregori,fgregori2w@xrea.com,793-626-0734
Ronnica Tomaino,rtomaino2x@cbsnews.com,704-393-3086
Harp Laweles,hlaweles2y@squarespace.com,863-757-4946
Elysha Laidel,elaidel2z@craigslist.org,625-503-2386
Manya Cockran,mcockran30@netscape.com,932-319-8700
Clotilda Boxe,cboxe31@cocolog-nifty.com,178-766-4908
Flori Arunowicz,farunowicz32@mediafire.com,871-170-9474
Maighdiln Kubecka,mkubecka33@narod.ru,917-163-6313
Marlin Seedman,mseedman34@t-online.de,462-609-4983
Fey Balmer,fbalmer35@paypal.com,745-868-7212
Derick Earngy,dearngy36@paypal.com,738-487-1767
Lynne Harling,lharling37@ycombinator.com,342-460-2202
Onfre Howey,ohowey38@slate.com,855-458-7157
Katti Knell,kknell39@photobucket.com,247-961-1066
Albrecht Sitlinton,asitlinton3a@mlb.com,879-943-1101
Godart Loyd,gloyd3b@arizona.edu,627-782-2670
Melodee Radeliffe,mradeliffe3c@mlb.com,671-412-2754
Moria Rubroe,mrubroe3d@usatoday.com,551-624-9188
Patti Lynas,plynas3e@dmoz.org,702-743-6030
Liuka Beveredge,lbeveredge3f@un.org,384-588-8302
Lexis Chapier,lchapier3g@1und1.de,469-305-0709
Jaquelyn Evens,jevens3h@canalblog.com,846-244-6158
Audra Common,acommon3i@dailymail.co.uk,297-716-4964
Silvana Sparshatt,ssparshatt3j@shutterfly.com,215-301-4675
Krista Davenell,kdavenell3k@plala.or.jp,159-686-4161
Lilian Dyzart,ldyzart3l@fema.gov,769-586-0657
Bengt Ubee,bubee3m@dot.gov,768-314-9540
Trever MacCauley,tmaccauley3n@ucla.edu,993-832-4341
Meyer Champken,mchampken3o@marketwatch.com,212-363-4319
Terry Posse,tposse3p@constantcontact.com,958-856-1869
Jemmie O'Riordan,joriordan3q@icq.com,854-577-0886
Fredrika Battabee,fbattabee3r@icq.com,874-924-5959
Tadio Jan,tjan3s@reference.com,298-462-9091
Sanford Van der Krui,svan3t@archive.org,898-535-2353
Waylen Derry,wderry3u@de.vu,109-333-3847
Chalmers Bale,cbale3v@mediafire.com,807-620-2036
Tasia Maris,tmaris3w@bbb.org,349-628-7260
Aimee Newitt,anewitt3x@ucsd.edu,683-119-0763
Petra Nazaret,pnazaret3y@icio.us,766-754-5648
Leese Gawne,lgawne3z@gov.uk,420-556-4949
Dione Keaves,dkeaves40@hostgator.com,154-531-4651
Carmelle Vossing,cvossing41@webmd.com,140-747-1104
Dione Chasemoore,dchasemoore42@illinois.edu,523-973-7913
Giles Jochen,gjochen43@yellowpages.com,233-171-4037
Manolo Cann,mcann44@pagesperso-orange.fr,597-915-5921
Noelyn Pattison,npattison45@webnode.com,934-463-5098
Roy Choupin,rchoupin46@ed.gov,607-757-0120
Cassandra Beyn,cbeyn47@smh.com.au,215-951-3146
Codi Cheeseman,ccheeseman48@free.fr,684-181-1355
Chaim Madill,cmadill49@ameblo.jp,161-212-6094
Newton Jarman,njarman4a@woothemes.com,841-298-5560
Shelli Carlozzi,scarlozzi4b@drupal.org,707-929-2935
Korella Erskine Sandys,kerskine4c@indiegogo.com,870-491-6333
Shayne Dyott,sdyott4d@tinypic.com,660-706-7505
Delphine Melvin,dmelvin4e@youtu.be,220-761-2549
Arney MacGillivray,amacgillivray4f@nba.com,632-606-7645
Tobye Alldre,talldre4g@irs.gov,993-817-6749
Ahmed Glaum,aglaum4h@xing.com,169-550-1690
Dela Ellens,dellens4i@bing.com,896-476-7849
Earlie Casperri,ecasperri4j@is.gd,720-741-5300
Daveta Orhtmann,dorhtmann4k@ebay.com,208-100-3245
Giles Zorzini,gzorzini4l@indiegogo.com,632-795-2188
Brendan Baress,bbaress4m@myspace.com,182-391-2666
Ira Pickover,ipickover4n@zimbio.com,845-106-3596
Mick Freake,mfreake4o@latimes.com,328-955-8773
Phyllis Gilpillan,pgilpillan4p@indiegogo.com,729-737-9099
Noelyn Wyper,nwyper4q@eventbrite.com,755-281-5276
Arlin Burberow,aburberow4r@theglobeandmail.com,858-143-3751
Kenn Halse,khalse4s@furl.net,864-161-8936
Harper Seamans,hseamans4t@dropbox.com,419-527-9729
Gratia Tredger,gtredger4u@gravatar.com,182-780-8908
Lind Agge,lagge4v@ucla.edu,199-372-9069
Ann Stappard,astappard4w@google.nl,149-112-0220
Raquela Harty,rharty4x@taobao.com,390-217-8277
Kendrick Concannon,kconcannon4y@printfriendly.com,284-155-7733
Allina Feak,afeak4z@nydailynews.com,411-408-1960
Kev Pray,kpray50@jigsy.com,543-484-6237
Sorcha Tinan,stinan51@creativecommons.org,903-738-3610
Waite Graddell,wgraddell52@netvibes.com,798-157-5805
Caye Ashcroft,cashcroft53@blog.com,777-862-1006
Skye Fochs,sfochs54@seattletimes.com,432-419-5148
Georgi Hannaby,ghannaby55@list-manage.com,388-179-9807
Druci Corrin,dcorrin56@wikimedia.org,728-890-3687
Stormie Boltwood,sboltwood57@dyndns.org,950-437-5460
Atalanta Kitney,akitney58@sun.com,756-682-3130
Bartlet Skynner,bskynner59@technorati.com,114-136-8348
Tessie Blemen,tblemen5a@pagesperso-orange.fr,653-525-7722
Betty Salmons,bsalmons5b@irs.gov,119-105-8552
Rorie Kiggel,rkiggel5c@goo.gl,502-623-1300
Haily Deedes,hdeedes5d@google.cn,734-939-3830
Orren Tresler,otresler5e@jugem.jp,552-976-9380
Louise Cochran,lcochran5f@blogtalkradio.com,571-555-7397
Ethan Coopland,ecoopland5g@list-manage.com,209-872-7613
Hersh Tarr,htarr5h@domainmarket.com,786-301-0356
Pieter Conant,pconant5i@engadget.com,497-557-9427
Mindy Ipsgrave,mipsgrave5j@techcrunch.com,103-653-6065
Guenevere Haughton,ghaughton5k@bloglines.com,151-972-6339
Angie Duley,aduley5l@geocities.com,992-899-1320
Gideon Gribben,ggribben5m@desdev.cn,598-395-5794
Kylynn Tregensoe,ktregensoe5n@drupal.org,797-813-5473
Haze Sutherley,hsutherley5o@geocities.jp,789-247-4102
Juline Ourry,jourry5p@yale.edu,221-432-1388
Allyn Filipczak,afilipczak5q@hc360.com,158-653-5225
Theresina Dell,tdell5r@tmall.com,643-153-4140
Biddie Brilleman,bbrilleman5s@blogspot.com,217-340-5004
Larina Bonner,lbonner5t@wp.com,573-818-4707
Abbi Widdecombe,awiddecombe5u@disqus.com,936-631-9350
Chaim Filkov,cfilkov5v@forbes.com,765-421-8420
Diane-marie Sharman,dsharman5w@bloglines.com,960-173-3374
Billi Umpleby,bumpleby5x@tumblr.com,537-331-1180
Gertruda Iffe,giffe5y@opera.com,351-274-9688
Susi Rose,srose5z@naver.com,888-895-6792
Rodina Stubbings,rstubbings60@diigo.com,473-518-7821
Shaughn Tourry,stourry61@google.ru,951-374-6893
Kipper Beardsdale,kbeardsdale62@webnode.com,195-439-4985
Kain Langham,klangham63@joomla.org,532-372-6320
Myrtia Trineman,mtrineman64@squarespace.com,377-643-5141
Marsh Diess,mdiess65@usgs.gov,112-705-1961
Karlotte Davydoch,kdavydoch66@myspace.com,917-943-1238
Siouxie Strangward,sstrangward67@ning.com,356-183-7297
Valentina de Leon,vde68@chicagotribune.com,385-101-5812
Rodrick Rowly,rrowly69@arizona.edu,207-365-3313
Frieda Eaken,feaken6a@sitemeter.com,424-417-1574
Vassili Tomik,vtomik6b@squidoo.com,449-744-8540
Graehme Grigoroni,ggrigoroni6c@whitehouse.gov,515-672-7167
Winifred Khomishin,wkhomishin6d@tinypic.com,737-163-3758
Christos Inwood,cinwood6e@virginia.edu,277-470-1405
Enos Chelam,echelam6f@chronoengine.com,477-478-3327
Olivier Patient,opatient6g@gov.uk,725-159-3401
Lynnet Bachshell,lbachshell6h@youku.com,914-346-5881
Luisa De Vile,lde6i@cmu.edu,763-533-5703
Gus Geraghty,ggeraghty6j@360.cn,334-311-2289
Alfi Mc Kellen,amc6k@ca.gov,553-947-9739
Sabina Knapp,sknapp6l@cbslocal.com,756-448-7442
Bernice Hurll,bhurll6m@livejournal.com,919-575-4701
Franklin McArthur,fmcarthur6n@weather.com,149-555-0821
Flossie Riha,friha6o@stumbleupon.com,827-565-1090
Bob Spittall,bspittall6p@harvard.edu,589-482-7352
Christos Mattea,cmattea6q@opensource.org,321-211-2436
Adler Berge,aberge6r@ibm.com,935-347-3958
Salomone Heilds,sheilds6s@china.com.cn,360-568-2733
Xenia Dacres,xdacres6t@godaddy.com,511-454-0051
Dottie Gummory,dgummory6u@bloomberg.com,684-328-4486
Germana Sinderland,gsinderland6v@msu.edu,287-797-5105
Goraud Whitton,gwhitton6w@about.com,693-658-0280
Alameda Longhurst,alonghurst6x@yale.edu,302-529-2148
Margareta Bradlaugh,mbradlaugh6y@time.com,949-519-2702
Keir Harms,kharms6z@desdev.cn,906-467-8589
Hilary Giorgio,hgiorgio70@army.mil,194-341-0674
Emalia Rodie,erodie71@google.com,891-709-4853
Shaine Ridd,sridd72@example.com,405-573-0946
Kathlin Emer,kemer73@youku.com,654-394-1967
Lesley Fairlem,lfairlem74@answers.com,632-860-7234
Winne Gandrich,wgandrich75@theglobeandmail.com,486-836-6190
Christoph Winnister,cwinnister76@washington.edu,657-896-0627
Klarrisa Boot,kboot77@sourceforge.net,714-709-6815
Min Bahlmann,mbahlmann78@home.pl,323-414-1114
Brigid Brumham,bbrumham79@disqus.com,812-369-9224
Salomone Shilstone,sshilstone7a@phoca.cz,700-120-6725
Helyn Lowres,hlowres7b@freewebs.com,982-100-5399
Katharina Kermannes,kkermannes7c@mapy.cz,629-568-0763
Nickie Le Fevre,nle7d@zdnet.com,691-784-3950
Charles Alman,calman7e@bbc.co.uk,751-942-5678
Ky O'Dowgaine,kodowgaine7f@zdnet.com,915-464-2704
Jemimah Toop,jtoop7g@google.co.uk,226-239-0635
Christiana MacNair,cmacnair7h@g.co,357-347-1485
Philippine Scrancher,pscrancher7i@woothemes.com,896-889-8595
Gerald Hirtz,ghirtz7j@youku.com,108-995-5963
Misti Benne,mbenne7k@sciencedirect.com,369-343-5234
Bartholemy Dayment,bdayment7l@soup.io,620-304-5296
Gaynor Jeffcock,gjeffcock7m@linkedin.com,957-547-2449
Terry Finnis,tfinnis7n@twitpic.com,918-890-1313
Ivie Sandison,isandison7o@xinhuanet.com,902-485-8197
Mufinella Tomczykiewicz,mtomczykiewicz7p@ehow.com,103-137-3696
Nikola Squelch,nsquelch7q@loc.gov,642-697-6674
Jamesy Mytton,jmytton7r@accuweather.com,737-942-8896
Rey Tonkes,rtonkes7s@wordpress.com,871-959-5369
Luci Shepard,lshepard7t@mysql.com,849-949-6247
Priscilla Ivanshintsev,pivanshintsev7u@spotify.com,153-237-4059
Cassandre Flintiff,cflintiff7v@msn.com,505-175-2936
Germana Bayley,gbayley7w@sfgate.com,947-928-0323
Durand Ribchester,dribchester7x@scientificamerican.com,667-752-4684
Gabriela Skep,gskep7y@php.net,898-603-8836
Klarrisa Neill,kneill7z@shop-pro.jp,719-662-2450
Kary Oldroyd,koldroyd80@sun.com,528-300-6105
Georgie Kemmis,gkemmis81@networkadvertising.org,581-890-9795
Kissee Bage,kbage82@vistaprint.com,649-515-5026
Hedwig Rassell,hrassell83@salon.com,294-113-2335
Carma Hearnes,chearnes84@weebly.com,185-134-7432
Dari Cock,dcock85@tinyurl.com,521-383-6429
Bradan McGavin,bmcgavin86@nifty.com,560-882-9257
Chicky Strahan,cstrahan87@miitbeian.gov.cn,671-883-4153
Andee Offill,aoffill88@altervista.org,387-324-1234
Arne Orteaux,aorteaux89@narod.ru,353-613-9774
Tabbatha Cattach,tcattach8a@sakura.ne.jp,381-482-8624
George Hessentaler,ghessentaler8b@cisco.com,245-484-9657
Paloma Eggar,peggar8c@topsy.com,541-681-8911
Sander Piddlehinton,spiddlehinton8d@ca.gov,214-517-5801
Lucas Callan,lcallan8e@gravatar.com,528-106-3039
Osborn Wyburn,owyburn8f@huffingtonpost.com,989-378-5537
Jess Batrim,jbatrim8g@yelp.com,870-560-8443
Joana Sherbourne,jsherbourne8h@naver.com,120-262-4956
Cecily Noads,cnoads8i@samsung.com,188-258-2953
Jonathan Huzzay,jhuzzay8j@webmd.com,880-969-1614
Ethyl Plom,eplom8k@bbc.co.uk,852-762-4806
Donica Ralph,dralph8l@disqus.com,858-160-6382
Marnia Newhouse,mnewhouse8m@yelp.com,163-538-2880
Gillan Oloman,goloman8n@spotify.com,808-803-9854
Fernando Adams,fadams8o@shinystat.com,691-239-8489
Ozzy Alwood,oalwood8p@canalblog.com,241-936-0469
Kory Marti,kmarti8q@utexas.edu,952-791-9136
Odetta Boyse,oboyse8r@bloglovin.com,702-314-8341
Marielle Seedman,mseedman8s@shutterfly.com,899-323-1870
Bernadette Mawtus,bmawtus8t@163.com,106-666-3706
Rina Durdy,rdurdy8u@uol.com.br,702-721-1895
Sybilla Arno,sarno8v@livejournal.com,307-187-3562
Kimbell Topping,ktopping8w@artisteer.com,274-397-4338
Elisa Shotboulte,eshotboulte8x@zdnet.com,365-867-8274
Zsa zsa Gussie,zzsa8y@rambler.ru,102-627-1877
Perren Yoselevitch,pyoselevitch8z@parallels.com,205-258-5294
Becca Turnbull,bturnbull90@ihg.com,751-197-7333
Faulkner Mathey,fmathey91@sciencedaily.com,965-299-1340
Jessie Edworthy,jedworthy92@ebay.co.uk,146-348-9888
Loella Catherick,lcatherick93@reuters.com,812-261-0106
Bryant Ficken,bficken94@ca.gov,560-833-4592
Philis Breslau,pbreslau95@irs.gov,226-348-9634
Ashley Sarginson,asarginson96@lycos.com,682-724-3382
Devonne Crosfeld,dcrosfeld97@pinterest.com,290-723-8491
Steward Lodovichi,slodovichi98@census.gov,882-611-3673
Nedda McKerley,nmckerley99@wikimedia.org,696-983-9699
Thekla Gittis,tgittis9a@wisc.edu,736-227-5063
Vasilis Bannon,vbannon9b@reuters.com,359-909-1407
Vania Wedlake,vwedlake9c@nytimes.com,592-172-3920
Tedman Kimberly,tkimberly9d@scribd.com,191-923-3577
Tanney Wooler,twooler9e@sourceforge.net,596-908-8001
Quinlan Kunat,qkunat9f@home.pl,546-555-2757
Aimil Spinnace,aspinnace9g@about.me,343-889-0624
Averil Ambrogelli,aambrogelli9h@google.com.br,296-682-1962
Romeo Vaudrey,rvaudrey9i@un.org,556-774-9607
Morty Brussell,mbrussell9j@odnoklassniki.ru,504-280-9531
Rudolf Woodyatt,rwoodyatt9k@mlb.com,601-822-8856
Poppy Jenkison,pjenkison9l@joomla.org,344-325-9617
Fredric Edards,fedards9m@businessweek.com,631-733-9415
Lazarus Methley,lmethley9n@desdev.cn,983-449-4750
Antonietta D'Alesio,adalesio9o@nbcnews.com,932-761-1258
Lazare Faithfull,lfaithfull9p@moonfruit.com,191-692-1995
Shalom Bedells,sbedells9q@arizona.edu,725-366-1303
Merwyn Thairs,mthairs9r@mtv.com,108-397-0346
Amandy Cory,acory9s@ebay.co.uk,799-561-6870
Reyna Dalgety,rdalgety9t@tinyurl.com,348-377-5264
Ysabel Mehmet,ymehmet9u@cisco.com,376-357-7217
Petr Lusk,plusk9v@elegantthemes.com,498-413-3586
Cindie Spens,cspens9w@bizjournals.com,608-792-8692
Ignatius Bontein,ibontein9x@netscape.com,988-752-3572
Say Jewess,sjewess9y@gmpg.org,134-480-6517
Barbabra Grabham,bgrabham9z@usgs.gov,111-107-9560
Giacopo Barry,gbarrya0@imgur.com,986-765-7407
Sergei Feavearyear,sfeavearyeara1@columbia.edu,766-828-7944
Moore Gebbe,mgebbea2@shinystat.com,826-695-6635
Dalli Garmans,dgarmansa3@delicious.com,794-124-1647
Ricki Rzehorz,rrzehorza4@typepad.com,524-762-2984
Lyndsey Perocci,lperoccia5@archive.org,487-448-4697
Timofei Bediss,tbedissa6@macromedia.com,551-577-5259
Cathyleen Altree,caltreea7@github.com,466-372-5101
Winna O'Mailey,womaileya8@springer.com,340-352-0137
Franny Ram,frama9@miibeian.gov.cn,621-252-0653
Codee Brockman,cbrockmanaa@psu.edu,254-501-7838
Gannie Frier,gfrierab@tamu.edu,565-253-2704
Erina Crudgington,ecrudgingtonac@harvard.edu,906-767-2368
Yvor Simkiss,ysimkissad@apache.org,346-362-4776
Galven oldey,goldeyae@umn.edu,437-257-8968
Edna Ambrose,eambroseaf@jimdo.com,817-483-3540
Lilah Puddifer,lpuddiferag@kickstarter.com,416-636-5056
Antonie Covet,acovetah@indiatimes.com,290-514-6572
Courtney Gritton,cgrittonai@auda.org.au,253-705-5858
Salim Pilcher,spilcheraj@xinhuanet.com,877-562-5889
Alanson Berr,aberrak@marriott.com,566-804-4387
Dilly Steers,dsteersal@cam.ac.uk,160-914-8607
Loleta Conman,lconmanam@simplemachines.org,761-754-6487
Chilton Gatecliff,cgatecliffan@eventbrite.com,206-451-2802
Retha Loker,rlokerao@networkadvertising.org,751-594-9434
Inez Curston,icurstonap@nsw.gov.au,712-220-3684
Lanette Millington,lmillingtonaq@wired.com,301-102-0948
Leena Goble,lgoblear@wikispaces.com,375-490-6161
Alicea Gianullo,agianulloas@homestead.com,212-340-5646
Jarid Foister,jfoisterat@narod.ru,936-212-6512
Tedd Mycroft,tmycroftau@spotify.com,611-572-4688
Larisa Benitez,lbenitezav@google.de,734-953-6137
Lin Ovise,loviseaw@prlog.org,603-363-8544
Page Branche,pbrancheax@a8.net,482-272-3650
Hayward Gateland,hgatelanday@imdb.com,115-126-7731
Gunilla Ummfrey,gummfreyaz@freewebs.com,190-281-9234
Stafani Paulou,spauloub0@friendfeed.com,983-707-5518
Dniren Beardall,dbeardallb1@google.cn,442-374-1576
Margalit Vales,mvalesb2@ted.com,642-346-6758
Lazarus Townshend,ltownshendb3@imageshack.us,595-663-3512
Ade Foden,afodenb4@economist.com,402-961-5287
Emilie Polak,epolakb5@bigcartel.com,846-567-1186
Ignacius O'Kenny,iokennyb6@mozilla.org,857-130-8569
Gwenny Toombes,gtoombesb7@cocolog-nifty.com,153-408-1198
Iosep Rigby,irigbyb8@weebly.com,185-603-5421
Michaella Tapsell,mtapsellb9@senate.gov,259-920-9132
Annadiane Leversuch,aleversuchba@webmd.com,593-881-3168
Nert Edworthy,nedworthybb@timesonline.co.uk,736-638-6236
Angeline Dunklee,adunkleebc@imageshack.us,440-277-1311
Elden Shane,eshanebd@si.edu,412-951-4540
Emalia Stanney,estanneybe@icq.com,615-597-4314
Jolie Adamec,jadamecbf@sakura.ne.jp,661-677-9466
Kania Milmo,kmilmobg@last.fm,520-284-1014
Ranice Broseman,rbrosemanbh@guardian.co.uk,725-344-8025
Tony Kobiera,tkobierabi@cmu.edu,227-706-5277
Marjory Paskin,mpaskinbj@reverbnation.com,518-222-6075
Kayle Readie,kreadiebk@webnode.com,865-365-5987
Warren Clewes,wclewesbl@fema.gov,461-502-2353
Bibbie Hollyland,bhollylandbm@bloomberg.com,108-512-0511
Adaline Georgeau,ageorgeaubn@bluehost.com,685-940-4957
Marline Mainston,mmainstonbo@webmd.com,725-397-1845
Diane Neil,dneilbp@chronoengine.com,378-379-2754
Clementina Lambard,clambardbq@ihg.com,220-747-3707
Cherin Jeune,cjeunebr@japanpost.jp,435-355-9224
Brenda Mincini,bmincinibs@blogspot.com,887-575-0526
Shantee Harman,sharmanbt@github.io,256-644-7271
Addie Erasmus,aerasmusbu@indiegogo.com,158-926-7218
Laure Colles,lcollesbv@artisteer.com,927-975-8682
Ignatius Somerled,isomerledbw@shinystat.com,620-679-5621
Corrie Antalffy,cantalffybx@pagesperso-orange.fr,883-869-5395
Susanna Palley,spalleyby@apple.com,598-260-6936
Nomi Wesgate,nwesgatebz@imgur.com,684-743-0002
Charo Marcome,cmarcomec0@topsy.com,236-931-7510
Correy Cowdery,ccowderyc1@wikispaces.com,556-421-6264
Andrey Osmond,aosmondc2@t.co,977-665-2228
Maddalena Studholme,mstudholmec3@ycombinator.com,762-776-7066
Nadya Strotton,nstrottonc4@time.com,478-465-9601
Vivianne Petel,vpetelc5@statcounter.com,988-663-4615
Fonz Mathivat,fmathivatc6@nsw.gov.au,543-778-4829
Tony Northcliffe,tnorthcliffec7@jalbum.net,685-760-8625
Gav Berget,gbergetc8@apple.com,526-187-1053
Juanita Lawey,jlaweyc9@unblog.fr,116-275-3130
Whitney MacGlory,wmacgloryca@ebay.co.uk,956-649-5613
Valle Mollen,vmollencb@gnu.org,271-668-4087
Marci Voas,mvoascc@google.it,817-355-9549
Bette Gander,bgandercd@unesco.org,462-690-7356
Ben Jobbins,bjobbinsce@instagram.com,155-278-7219
Myriam Plett,mplettcf@creativecommons.org,692-465-8760
Maxine Station,mstationcg@dropbox.com,701-701-5671
Gray Stebbin,gstebbinch@mediafire.com,762-861-5015
Dita Trawin,dtrawinci@tamu.edu,455-251-6155
Steffen Hayward,shaywardcj@discuz.net,624-284-3492
Radcliffe Laughlan,rlaughlanck@census.gov,720-621-2492
Shoshanna Knapton,sknaptoncl@dropbox.com,800-145-3820
Bogart Martinello,bmartinellocm@answers.com,529-994-2131
Cyndia Blackaller,cblackallercn@princeton.edu,949-363-8643
Wendall Kermannes,wkermannesco@yelp.com,299-527-3557
Karrah Hasely,khaselycp@yolasite.com,789-236-8665
Marne Donnell,mdonnellcq@blog.com,320-894-2336
Engracia Chanders,echanderscr@imdb.com,282-820-7854
Celestine Brendish,cbrendishcs@over-blog.com,945-882-0106
Mireille Rusbridge,mrusbridgect@com.com,767-422-9055
Dicky Mathevet,dmathevetcu@latimes.com,749-882-7761
Teri Duham,tduhamcv@gnu.org,496-240-3469
Benedicto Debrick,bdebrickcw@washingtonpost.com,666-503-6049
Malissa Kindley,mkindleycx@tmall.com,684-242-6385
Devonne Gossage,dgossagecy@europa.eu,247-478-3421
Elspeth McDaid,emcdaidcz@networksolutions.com,617-920-9865
Teresina Civitillo,tcivitillod0@youku.com,622-887-7247
Tina Mingaye,tmingayed1@senate.gov,282-912-9432
Geoff Leuty,gleutyd2@earthlink.net,501-958-6029
Hope Latus,hlatusd3@nhs.uk,692-464-8063
Irving Bilbey,ibilbeyd4@vkontakte.ru,192-397-5148
Genvieve O'Currine,gocurrined5@berkeley.edu,410-252-0732
Brig Falco,bfalcod6@berkeley.edu,805-357-1509
Cole Apdell,capdelld7@ucoz.ru,249-756-4330
Betta Skures,bskuresd8@google.fr,904-111-2152
Mac Caulfield,mcaulfieldd9@free.fr,960-371-0703
Bevan Adamson,badamsonda@de.vu,843-624-0971
Levi Percy,lpercydb@diigo.com,413-627-3125
Marchall Dalgarno,mdalgarnodc@freewebs.com,697-981-2912
Ariel Soldi,asoldidd@e-recht24.de,559-404-2216
Bel Jansson,bjanssonde@statcounter.com,470-783-4401
Monika Brinson,mbrinsondf@ftc.gov,626-341-0009
Sharity Hannon,shannondg@huffingtonpost.com,678-486-4417
Connor Gosart,cgosartdh@nps.gov,386-230-3784
Colene Pavkovic,cpavkovicdi@earthlink.net,710-676-4386
Jo ann Jahnel,janndj@liveinternet.ru,346-669-1480
Stafani Shepard,ssheparddk@usa.gov,199-976-5220
Theodora Franzel,tfranzeldl@infoseek.co.jp,423-649-9173
Sidonia Pioch,spiochdm@nih.gov,136-913-6547
Idalia Strike,istrikedn@lycos.com,875-368-1590
Albrecht Rumin,arumindo@homestead.com,942-430-7074
Zsazsa Gulliford,zgulliforddp@blogtalkradio.com,531-906-4994
Abbey Lebell,alebelldq@weibo.com,210-659-8462
Curt Spaight,cspaightdr@netscape.com,695-256-0475
Derk Joinsey,djoinseyds@goo.gl,371-482-7769
Stefano Rankine,srankinedt@economist.com,417-695-3177
Estell Provost,eprovostdu@booking.com,743-496-7400
Elfreda Carver,ecarverdv@topsy.com,192-509-9579
Carin Tregear,ctregeardw@yahoo.co.jp,995-913-5075
Leopold Kender,lkenderdx@google.it,454-497-0586
Bondy Budnk,bbudnkdy@geocities.com,733-746-1538
Abagael Raggett,araggettdz@joomla.org,943-396-5599
Colan Trenchard,ctrencharde0@deliciousdays.com,932-953-8610
Amble Fulks,afulkse1@mapy.cz,672-237-4689
Netta Tomczak,ntomczake2@pbs.org,600-827-5002
Gerrard Purchase,gpurchasee3@studiopress.com,200-735-4256
Lani Ambrosetti,lambrosettie4@g.co,835-512-8980
Baldwin Maitland,bmaitlande5@youtube.com,590-920-0036
Adam Filpi,afilpie6@sina.com.cn,767-397-2626
Herold Gouldeby,hgouldebye7@businessinsider.com,261-975-0813
Ellissa Pavier,epaviere8@yellowbook.com,780-407-7610
Patrizia Pyner,ppynere9@dot.gov,813-422-4324
Brigitta Maffezzoli,bmaffezzoliea@people.com.cn,648-110-7982
Willa Hutchcraft,whutchcrafteb@shinystat.com,390-709-7126
Lena Kirtlan,lkirtlanec@bizjournals.com,628-518-4506
Tommy Antony,tantonyed@wsj.com,459-272-4033
Avis Lassetter,alassetteree@mtv.com,953-264-9799
Benni Murrey,bmurreyef@dailymail.co.uk,642-458-5128
Marris Dreamer,mdreamereg@cpanel.net,701-122-3286
Charmion Huegett,chuegetteh@hp.com,414-831-8508
Noella Durnian,ndurnianei@ycombinator.com,798-488-6802
Sindee McKeefry,smckeefryej@independent.co.uk,874-741-4442
Hollie Henrichs,hhenrichsek@i2i.jp,873-301-1388
Mitzi Cornes,mcornesel@globo.com,186-705-9245
Glenn Coltan,gcoltanem@cafepress.com,471-877-2574
Galvan Mulrooney,gmulrooneyen@over-blog.com,539-704-1525
Kassie Brownstein,kbrownsteineo@unesco.org,338-382-9149
Haydon Sheardown,hsheardownep@godaddy.com,468-730-4410
Walliw Leafe,wleafeeq@usatoday.com,470-233-3544
Madelena Copping,mcoppinger@mysql.com,785-991-8411
Norine Jillett,njillettes@so-net.ne.jp,475-577-4782
Alina Crottagh,acrottaghet@google.co.uk,550-760-5754
Joleen Francie,jfrancieeu@deliciousdays.com,303-697-7732
Rainer Calbreath,rcalbreathev@digg.com,655-999-0520
Neilla Warrender,nwarrenderew@earthlink.net,107-177-4334
Stanfield Liddard,sliddardex@patch.com,299-102-8139
Rikki Tydeman,rtydemaney@sphinn.com,751-311-0361
Pearce Biasi,pbiasiez@jiathis.com,252-983-9479
Sawyer Grimster,sgrimsterf0@wp.com,866-588-4270
Leanora Bettenson,lbettensonf1@creativecommons.org,932-382-4793
Orella Camoys,ocamoysf2@marriott.com,358-871-9193
Tybi Fenech,tfenechf3@army.mil,475-547-6856
Chiquita MacCahee,cmaccaheef4@example.com,977-437-4909
Anderson Starmer,astarmerf5@pinterest.com,210-313-5330
Thurston Symington,tsymingtonf6@myspace.com,389-896-2666
Catina Soar,csoarf7@telegraph.co.uk,488-188-4545
Thornie Zanetello,tzanetellof8@dailymotion.com,745-321-5411
Roseanne Heakins,rheakinsf9@ebay.com,982-520-0009
Reube Cardoso,rcardosofa@opera.com,683-884-3194
Cherin Connold,cconnoldfb@bravesites.com,439-815-3837
Christean Chastel,cchastelfc@elpais.com,660-679-4449
Odetta Yonnie,oyonniefd@qq.com,747-242-1022
Jocelyn Janman,jjanmanfe@gizmodo.com,525-203-8525
Abie Buret,aburetff@tuttocitta.it,159-607-1813
Lynea Bakster,lbaksterfg@arizona.edu,789-324-4273
Maxwell Huddles,mhuddlesfh@oracle.com,844-501-3427
Wendeline Rennels,wrennelsfi@state.tx.us,432-782-2043
Lynsey Chalder,lchalderfj@google.it,766-205-9593
Gradey Sprasen,gsprasenfk@buzzfeed.com,375-893-8451
Kennith Jepps,kjeppsfl@bbc.co.uk,577-399-7028
Obed Croall,ocroallfm@fastcompany.com,748-445-4278
Celia Wield,cwieldfn@harvard.edu,733-837-1387
Shaughn Warrell,swarrellfo@simplemachines.org,885-740-4974
Grethel Bassingden,gbassingdenfp@squidoo.com,597-113-1024
Clarita Spurdon,cspurdonfq@utexas.edu,645-159-4357
Cobb Alasdair,calasdairfr@hatena.ne.jp,806-184-1612
Vinson Dysart,vdysartfs@huffingtonpost.com,902-121-3564
Garry Dedrick,gdedrickft@angelfire.com,415-198-8573
Merle Paine,mpainefu@nyu.edu,590-371-1393
Rochester Jorg,rjorgfv@cnet.com,646-615-9426
Westbrooke Konerding,wkonerdingfw@cdc.gov,684-598-0428
Demott Coaster,dcoasterfx@tinypic.com,970-669-0665
Danette Pardal,dpardalfy@php.net,801-684-1384
Fredra McNeillie,fmcneilliefz@hugedomains.com,127-141-1717
Darryl Rookes,drookesg0@aol.com,824-444-4611
Elsinore Frudd,efruddg1@salon.com,431-753-7713
Evita Lambird,elambirdg2@biblegateway.com,106-424-2424
Robinetta Palluschek,rpalluschekg3@bbc.co.uk,965-769-8286
Bastian McMearty,bmcmeartyg4@time.com,282-262-0876
Claus Dommersen,cdommerseng5@delicious.com,609-537-6284
Kiri Foye,kfoyeg6@tiny.cc,410-492-3289
Tobin Crimpe,tcrimpeg7@delicious.com,561-610-1203
Itch Rottcher,irottcherg8@zdnet.com,947-966-9121
Jewell Fortye,jfortyeg9@miibeian.gov.cn,857-221-7577
Stillmann Semeradova,ssemeradovaga@alexa.com,798-757-1921
Avivah Tween,atweengb@upenn.edu,137-818-3236
Dulcy Border,dbordergc@cloudflare.com,599-238-2436
Trip Klimecki,tklimeckigd@blogs.com,619-243-4480
Curt Messam,cmessamge@mozilla.org,425-247-3165
Daisi Clendening,dclendeninggf@washingtonpost.com,111-662-6838
Patti Terry,pterrygg@scientificamerican.com,403-577-5919
Korry Haithwaite,khaithwaitegh@creativecommons.org,588-589-4814
Dawn Sepey,dsepeygi@elpais.com,372-528-8255
Irena Euston,ieustongj@yellowbook.com,124-796-0182
Janaye Revan,jrevangk@marketwatch.com,157-901-0245
Othelia Darcey,odarceygl@ucoz.ru,444-821-1155
Amil Sockell,asockellgm@theguardian.com,807-247-6789
Rebeca Eplett,replettgn@baidu.com,353-262-2077
Myranda Dumbare,mdumbarego@nbcnews.com,238-133-7950
Garrick Ledgerton,gledgertongp@dagondesign.com,108-939-3568
Reuven Kaufman,rkaufmangq@sitemeter.com,289-686-8960
Gregoire Raoux,graouxgr@parallels.com,212-976-5452
Marcile Bareford,mbarefordgs@home.pl,814-486-3894
Tedi Watkiss,twatkissgt@boston.com,189-298-3443
Kala Penhall,kpenhallgu@usa.gov,970-768-5398
Baxie Chasteau,bchasteaugv@buzzfeed.com,793-258-6508
Bibi Merriman,bmerrimangw@nps.gov,973-207-2280
Lexie Wollrauch,lwollrauchgx@google.de,456-690-9503
Earvin Gorioli,egorioligy@mapquest.com,167-754-7231
Phineas Iacopo,piacopogz@apple.com,541-295-9873
Edd Ruggieri,eruggierih0@t-online.de,913-285-9297
Elinor Edgworth,eedgworthh1@whitehouse.gov,923-892-1163
Rennie Griffe,rgriffeh2@exblog.jp,966-814-9080
Juli Denyagin,jdenyaginh3@opera.com,952-127-0617
Palm Cawthorn,pcawthornh4@vk.com,943-468-5982
Franny Annable,fannableh5@zdnet.com,712-332-8606
Darsie Raddon,draddonh6@flickr.com,893-460-0009
Maitilde Philips,mphilipsh7@berkeley.edu,137-258-4886
Amalle Montford,amontfordh8@washington.edu,709-353-0649
Eberhard Charlson,echarlsonh9@apple.com,708-684-1955
Cynthy Coote,ccooteha@addthis.com,501-516-3095
Jonie Keiling,jkeilinghb@gmpg.org,575-575-6962
Jan Frankis,jfrankishc@meetup.com,662-574-0601
Romona Smidmoor,rsmidmoorhd@jiathis.com,386-772-4742
Marj Winchcomb,mwinchcombhe@businesswire.com,256-105-0373
Mason Wastling,mwastlinghf@plala.or.jp,587-729-9899
Maurizia Fernao,mfernaohg@friendfeed.com,688-439-0223
Randy Ovenell,rovenellhh@so-net.ne.jp,384-673-6681
Elora Harriagn,eharriagnhi@bizjournals.com,232-432-6970
Mag Cannam,mcannamhj@theguardian.com,401-703-2816
Annabell Wellstead,awellsteadhk@house.gov,689-994-6925
Thedrick Beaudry,tbeaudryhl@squidoo.com,385-289-1626
Norris Lambarton,nlambartonhm@xrea.com,720-829-4151
Worth Macveigh,wmacveighhn@feedburner.com,634-665-7318
Yoshi Hackett,yhackettho@yellowbook.com,676-135-0935
Rooney Romain,rromainhp@patch.com,867-853-7411
Dunstan Ponting,dpontinghq@patch.com,192-820-6572
Dawna Blackaller,dblackallerhr@gmpg.org,838-386-4088
Caralie Barehead,cbareheadhs@ycombinator.com,246-876-5160
Phyllis McKea,pmckeaht@addthis.com,900-142-2407
Lyn Cleeves,lcleeveshu@mlb.com,542-353-4607
Gloriane Butler-Bowdon,gbutlerbowdonhv@wired.com,919-295-3392
Uriah Cuardall,ucuardallhw@angelfire.com,914-377-4745
Pip Skaif,pskaifhx@joomla.org,750-468-7027
Jilleen Pollen,jpollenhy@army.mil,380-544-4425
Valli Topp,vtopphz@twitpic.com,424-154-8137
Yolanda Crossan,ycrossani0@360.cn,634-589-3894
Kanya Goodsal,kgoodsali1@princeton.edu,310-632-1335
Andrea Tinan,atinani2@squarespace.com,486-376-2299
Renelle Teffrey,rteffreyi3@is.gd,124-710-0144
Pryce Sainter,psainteri4@joomla.org,480-303-0856
Kaiser Woolvin,kwoolvini5@slashdot.org,916-102-2343
Cristian Cruddace,ccruddacei6@slate.com,834-469-9163
Suzanne Quaife,squaifei7@amazon.com,788-795-0542
Bernelle Kingswood,bkingswoodi8@comcast.net,656-323-9633
Darcee Furman,dfurmani9@unesco.org,121-549-0411
Heath Tilliards,htilliardsia@europa.eu,995-228-6555
Clem Elsmor,celsmorib@unicef.org,115-459-9824
Jami Knevit,jknevitic@weather.com,297-595-8328
Bendite Giacovelli,bgiacovelliid@china.com.cn,789-277-0379
Allie Innett,ainnettie@who.int,257-339-2341
Selinda Iwaszkiewicz,siwaszkiewiczif@flavors.me,240-657-4783
Chrissy Passion,cpassionig@google.es,243-865-7684
Sibyl Duck,sduckih@google.com.au,848-417-2071
Norri Chamley,nchamleyii@soundcloud.com,862-578-1228
Burnard McLoughlin,bmcloughlinij@etsy.com,736-585-7962
Moina Geockle,mgeockleik@hc360.com,641-715-6848
Neale Faunt,nfauntil@dot.gov,741-362-3736
Kim Dougharty,kdoughartyim@meetup.com,646-980-8924
Ave Rosenbloom,arosenbloomin@forbes.com,110-161-6875
Gibbie Ajean,gajeanio@mayoclinic.com,429-408-1743
Rad Stanyard,rstanyardip@4shared.com,725-996-1312
Odette Soares,osoaresiq@umn.edu,653-179-1661
Shannon Nannetti,snannettiir@indiatimes.com,831-706-6838
Correna Geerits,cgeeritsis@creativecommons.org,893-604-0877
Bambi Eccleston,becclestonit@nymag.com,318-645-3585
Yancy Faccini,yfacciniiu@accuweather.com,849-924-3615
Alie Stuckes,astuckesiv@boston.com,152-490-3728
Gratiana Umbert,gumbertiw@mtv.com,419-621-0094
Allis De Rye Barrett,adeix@phpbb.com,747-571-3096
Zacharie Hallam,zhallamiy@goo.gl,153-911-9268
Magdaia Werrilow,mwerrilowiz@state.tx.us,834-279-7851
Craggy Iacopo,ciacopoj0@instagram.com,815-562-0778
Marshal Steers,msteersj1@prlog.org,943-448-7061
Chere Rule,crulej2@jigsy.com,638-359-5413
Nina Wroe,nwroej3@ted.com,446-320-7288
Zaccaria Brodeau,zbrodeauj4@ezinearticles.com,100-956-8495
Hana Denisovo,hdenisovoj5@ustream.tv,315-396-3250
Willow Backshaw,wbackshawj6@alibaba.com,543-838-9065
Gerianne Ruggles,grugglesj7@barnesandnoble.com,714-108-3257
Norine Liptrot,nliptrotj8@seattletimes.com,760-747-5194
Jerri Gotthard,jgotthardj9@goo.gl,630-305-4227
Nelle McQuaker,nmcquakerja@europa.eu,194-956-0369
Alena Prendeguest,aprendeguestjb@1688.com,561-930-5692
Lucais Leroy,lleroyjc@discovery.com,711-969-0417
Justina Barnewall,jbarnewalljd@wikia.com,187-951-1611
Mercie Bromige,mbromigeje@auda.org.au,505-682-2422
Margit Willett,mwillettjf@zdnet.com,560-112-1646
Marga Dymott,mdymottjg@ezinearticles.com,634-577-0878
Louis Darkott,ldarkottjh@livejournal.com,841-747-9862
Katrinka Dryden,kdrydenji@myspace.com,678-238-6259
Godfry Buzin,gbuzinjj@is.gd,406-277-7327
Genevra Gricks,ggricksjk@mediafire.com,275-943-8313
Anselm Vasyanin,avasyaninjl@wired.com,169-910-6565
Llewellyn Rigg,lriggjm@cisco.com,382-154-2661
Tabina Labone,tlabonejn@gizmodo.com,369-721-7580
Dennison Zmitruk,dzmitrukjo@va.gov,926-633-1859
Law Jenyns,ljenynsjp@princeton.edu,287-297-6229
Georgi Bleasdille,gbleasdillejq@sun.com,439-110-4519
Hyacintha Hurdis,hhurdisjr@cloudflare.com,699-914-8119
Howie Adamthwaite,hadamthwaitejs@dailymail.co.uk,851-635-4955
Donall Pevsner,dpevsnerjt@desdev.cn,671-471-0558
Frederic Althrop,falthropju@github.io,667-889-5354
Genia Heifer,gheiferjv@yale.edu,579-487-4835
Tom Chatburn,tchatburnjw@jimdo.com,225-201-8558
Cher Drinkel,cdrinkeljx@mapy.cz,722-569-9858
Sergei Neighbour,sneighbourjy@123-reg.co.uk,486-785-2909
Mirella Stanyan,mstanyanjz@washingtonpost.com,638-408-9964
Gillan Pittman,gpittmank0@sciencedirect.com,289-668-2284
Zilvia Kondrat,zkondratk1@mysql.com,454-267-1580
Carson Pantry,cpantryk2@wunderground.com,382-185-3758
Travers Cleynaert,tcleynaertk3@w3.org,279-570-9970
Keefe McAtamney,kmcatamneyk4@wordpress.org,143-592-0482
Jenni Hallard,jhallardk5@squidoo.com,329-446-0652
Rycca Rustedge,rrustedgek6@github.com,858-557-2141
Gearalt Vasilchenko,gvasilchenkok7@jimdo.com,411-119-4768
Lizabeth Flexman,lflexmank8@cbc.ca,229-156-4282
Meyer Van Dalen,mvank9@instagram.com,313-612-5371
Hillery Hendrikse,hhendrikseka@shop-pro.jp,962-748-7787
Gaston Kewish,gkewishkb@imgur.com,874-726-0126
Veriee Mallender,vmallenderkc@harvard.edu,589-317-4560
Cleon Grabbam,cgrabbamkd@sciencedirect.com,353-192-6528
Konstance Siley,ksileyke@zimbio.com,148-819-5240
Ogdan Bowker,obowkerkf@skyrock.com,430-379-5826
Ivett Huckerby,ihuckerbykg@infoseek.co.jp,169-760-5644
Magdalene Crutcher,mcrutcherkh@mapy.cz,677-142-5993
Laurice Newton,lnewtonki@blogtalkradio.com,870-425-2358
Archaimbaud Fedoronko,afedoronkokj@sciencedirect.com,434-856-2246
Cletus Barby,cbarbykk@npr.org,880-333-1755
Dmitri Chipman,dchipmankl@ed.gov,857-138-0697
Sydney Vick,svickkm@ihg.com,532-464-4993
Kathi Friman,kfrimankn@parallels.com,687-352-1897
Gerhardine Barendtsen,gbarendtsenko@huffingtonpost.com,214-577-7549
Tiler Lundberg,tlundbergkp@reference.com,521-171-9168
Rex Thoms,rthomskq@reference.com,898-245-1176
Latrena Vandrill,lvandrillkr@vk.com,360-396-1774
Terrill Yosselevitch,tyosselevitchks@adobe.com,911-851-7617
Ilysa Rasor,irasorkt@discovery.com,456-901-0240
Meg Bernon,mbernonku@nationalgeographic.com,807-554-0179
Robinett Emsley,remsleykv@myspace.com,198-106-3135
Mata Teligin,mteliginkw@skyrock.com,691-102-6078
Charlot Nucator,cnucatorkx@google.com.br,601-990-1728
Ginnie Dearle,gdearleky@domainmarket.com,113-934-7140
Dun Whebell,dwhebellkz@bloglines.com,105-602-1459
Donny O'Rafferty,doraffertyl0@t.co,410-434-7291
Bobbi Aleksandrev,baleksandrevl1@devhub.com,688-476-5072
Finn Lent,flentl2@fc2.com,571-314-6118
Windy Upton,wuptonl3@sourceforge.net,694-905-3209
May Josuweit,mjosuweitl4@geocities.com,980-324-5348
Louis Pock,lpockl5@netlog.com,800-815-2908
Gare Orcott,gorcottl6@geocities.jp,461-750-7901
Lynsey Dowbiggin,ldowbigginl7@mashable.com,266-204-2010
Wat Sympson,wsympsonl8@sohu.com,596-682-7992
Daphne Rissen,drissenl9@freewebs.com,751-797-0053
Yankee Pearl,ypearlla@w3.org,803-650-3123
Haleigh Bissiker,hbissikerlb@infoseek.co.jp,582-105-5335
Caldwell Beisley,cbeisleylc@unicef.org,682-316-1452
Datha McGuirk,dmcguirkld@cbslocal.com,543-260-1043
Mill Gopsell,mgopsellle@google.com.hk,866-748-1406
Louis Breeder,lbreederlf@topsy.com,682-222-5991
Anatole Mancktelow,amancktelowlg@samsung.com,777-787-2778
Pooh Van der Baaren,pvanlh@youtu.be,624-121-8217
Flore Caps,fcapsli@amazon.co.uk,318-488-2941
Angeline Jaeggi,ajaeggilj@twitpic.com,711-658-4152
Reade Ivanets,rivanetslk@github.io,819-987-0517
Garnette Fairholme,gfairholmell@topsy.com,905-475-7794
Ezekiel Muller,emullerlm@blogtalkradio.com,279-431-0050
Stacey Wasselin,swasselinln@scientificamerican.com,935-869-1862
Riki Millam,rmillamlo@is.gd,101-130-9034
Laurel Garment,lgarmentlp@taobao.com,188-762-3049
Florinda Lebarree,flebarreelq@sogou.com,210-993-6922
Ike Peacey,ipeaceylr@xrea.com,835-871-5598
Loren Chantrell,lchantrellls@newsvine.com,842-602-2307
Adan Fanthom,afanthomlt@artisteer.com,111-722-2570
Griffy Strewther,gstrewtherlu@pagesperso-orange.fr,155-818-4463
Henrie Ikins,hikinslv@hugedomains.com,426-188-9213
Daven Telega,dtelegalw@google.ca,694-185-9790
Shaylyn Hibbart,shibbartlx@de.vu,623-112-3445
Dun Crassweller,dcrasswellerly@wisc.edu,953-911-2124
Johna Skocroft,jskocroftlz@facebook.com,864-459-4762
Elmore Wakes,ewakesm0@reuters.com,278-190-0783
Hildagard Noury,hnourym1@who.int,865-108-9590
Whit Lyddyard,wlyddyardm2@surveymonkey.com,668-271-2602
Avie Minchin,aminchinm3@ycombinator.com,482-706-8310
Aaron Insall,ainsallm4@spotify.com,825-644-4057
Osbert Jays,ojaysm5@over-blog.com,570-155-3649
Kai Willwood,kwillwoodm6@auda.org.au,366-581-2294
Waiter Diprose,wdiprosem7@redcross.org,782-987-6895
Kippie Bountiff,kbountiffm8@telegraph.co.uk,620-325-1553
Ingunna Boatman,iboatmanm9@tinyurl.com,546-381-1688
Pail Scoles,pscolesma@elegantthemes.com,826-598-1963
Gerry Worral,gworralmb@lycos.com,264-221-4014
Sigismondo McConnachie,smcconnachiemc@acquirethisname.com,242-209-3755
Roosevelt Bockings,rbockingsmd@odnoklassniki.ru,127-372-3033
Gunar Feirn,gfeirnme@bloomberg.com,374-751-5512
Reuben Yoseloff,ryoseloffmf@nhs.uk,363-877-8352
Bernelle Castleton,bcastletonmg@artisteer.com,182-815-0816
Lefty Ogilvie,logilviemh@tuttocitta.it,181-823-1488
Shepherd Weedenburg,sweedenburgmi@microsoft.com,466-372-3134
Arlene Weeke,aweekemj@apache.org,933-206-8769
Linnet Packe,lpackemk@csmonitor.com,282-658-7936
Merrily Gianninotti,mgianninottiml@digg.com,901-569-3168
Irvin Lange,ilangemm@si.edu,886-409-1590
Jerrilyn Bickerton,jbickertonmn@usnews.com,435-389-9219
Daniela Dowtry,ddowtrymo@hatena.ne.jp,943-261-1930
Noby Burrage,nburragemp@miitbeian.gov.cn,852-858-2591
Issi Skade,iskademq@huffingtonpost.com,984-755-2010
Martin Sissot,msissotmr@barnesandnoble.com,714-635-3598
Angelika Rickards,arickardsms@wikipedia.org,259-848-5130
Donnajean Cawsby,dcawsbymt@npr.org,360-101-7091
Ezra Ledger,eledgermu@desdev.cn,725-734-6680
Meryl Beedell,mbeedellmv@harvard.edu,337-427-7118
Anthony Coslett,acoslettmw@macromedia.com,731-116-5880
Rickey Vescovini,rvescovinimx@studiopress.com,217-897-3591
Melba Shoppee,mshoppeemy@ebay.co.uk,723-172-2817
Dannel Roobottom,droobottommz@netscape.com,944-689-4398
Chad Sawer,csawern0@de.vu,132-490-0212
Neysa Plowell,nplowelln1@arstechnica.com,525-429-1952
Flory Gioan,fgioann2@themeforest.net,303-435-1890
Irena Reston,irestonn3@flickr.com,865-610-3540
Sibyl Perview,sperviewn4@spotify.com,929-233-4172
Emilie Bogart,ebogartn5@pinterest.com,671-916-1319
Arlan Napier,anapiern6@etsy.com,737-259-1391
Tito Guillond,tguillondn7@comcast.net,942-310-0849
Mordecai Mont,mmontn8@surveymonkey.com,111-956-1950
Benjie McQueen,bmcqueenn9@dedecms.com,964-538-3212
Cecilla McChesney,cmcchesneyna@macromedia.com,303-965-9043
Delores Pund,dpundnb@chron.com,277-393-1755
Ario Haney`,ahaneync@nps.gov,882-927-5880
Dore Garrold,dgarroldnd@amazon.co.uk,123-737-5749
Hermione Tukely,htukelyne@reuters.com,274-378-2666
Kale Barens,kbarensnf@webeden.co.uk,732-751-9097
Avis Folbige,afolbigeng@ibm.com,906-947-9523
Falkner Dahlborg,fdahlborgnh@businesswire.com,476-143-7782
Kit Ivory,kivoryni@pinterest.com,437-903-4547
Brien Dominique,bdominiquenj@yahoo.com,246-780-1255
Yalonda McFater,ymcfaternk@elegantthemes.com,717-841-5252
Normie Blakes,nblakesnl@google.co.jp,655-920-1246
Rurik Hinstridge,rhinstridgenm@ox.ac.uk,851-963-2678
Maynord Schirok,mschiroknn@cisco.com,720-875-8152
Richard Minucci,rminuccino@topsy.com,881-953-2600
Rod Norsister,rnorsisternp@toplist.cz,813-800-3367
Berte McPhillimey,bmcphillimeynq@sciencedaily.com,959-220-0685
Gerome Meeus,gmeeusnr@fda.gov,972-329-1102
Winna DelaField,wdelafieldns@typepad.com,511-561-0192
Kermie Jobey,kjobeynt@tripod.com,603-167-6117
Minette Howis,mhowisnu@nasa.gov,320-535-3128
Ophelie Allkins,oallkinsnv@nydailynews.com,523-125-3659
Orsola Cowx,ocowxnw@twitter.com,804-731-7967
Tanney Mahomet,tmahometnx@bigcartel.com,749-888-3524
Darwin Kampshell,dkampshellny@independent.co.uk,738-206-1069
Orelia Glasscott,oglasscottnz@ftc.gov,728-812-9416
Kilian Meak,kmeako0@dedecms.com,849-903-8648
Adelice Andrassy,aandrassyo1@tripadvisor.com,141-977-2007
Etienne Shieber,eshiebero2@smh.com.au,920-828-0156
Lek Harbor,lharboro3@odnoklassniki.ru,999-288-7134
Dick Rankin,drankino4@walmart.com,799-757-2567
Ulrich Willmett,uwillmetto5@booking.com,931-864-0952
Boot Gorringe,bgorringeo6@phoca.cz,924-211-8489
Gaby Rickesies,grickesieso7@oaic.gov.au,168-888-2425
Charin Gimber,cgimbero8@latimes.com,940-922-3353
Cobb Carolan,ccarolano9@jimdo.com,857-485-5102
Yetty Denford,ydenfordoa@cbsnews.com,266-333-9002
Cece Yakubovich,cyakubovichob@last.fm,693-991-1413
Alastair Yelyashev,ayelyashevoc@mapy.cz,932-265-3246
Brittne MacGruer,bmacgruerod@1688.com,442-745-4216
Arman Hesey,aheseyoe@vinaora.com,964-645-8146
Obidiah Mew,omewof@clickbank.net,261-558-2547
Margie Pile,mpileog@redcross.org,326-122-9255
Karyl Perulli,kperullioh@samsung.com,928-582-0186
Findlay Strudwick,fstrudwickoi@alexa.com,881-896-8890
Wald Crowson,wcrowsonoj@ebay.co.uk,393-802-4970
Starlene Bereford,sberefordok@auda.org.au,533-311-6937
Phillip Fynan,pfynanol@unc.edu,564-707-3277
Rick Isgate,risgateom@pcworld.com,653-137-4233
Trip Baum,tbaumon@engadget.com,621-400-8692
Benita Crompton,bcromptonoo@weather.com,229-266-6759
Terry Laguerre,tlaguerreop@people.com.cn,999-875-5715
Worthy Benitti,wbenittioq@t.co,760-893-3433
Deirdre Silverman,dsilvermanor@omniture.com,826-125-8973
Doug Bouttell,dbouttellos@wiley.com,507-979-9091
Ichabod Collen,icollenot@naver.com,771-234-9197
Abbe Wintle,awintleou@gnu.org,809-609-7199
Truman Iorio,tiorioov@shutterfly.com,571-520-4949
Rivkah Boyall,rboyallow@liveinternet.ru,823-789-1800
Leonanie Keese,lkeeseox@virginia.edu,448-417-4479
Nelia Samms,nsammsoy@gov.uk,356-247-8982
Astra Wimlett,awimlettoz@yandex.ru,338-907-2177
Boote Greetland,bgreetlandp0@nbcnews.com,269-255-2347
Henrieta Imm,himmp1@whitehouse.gov,956-217-8635
Nickey Kilty,nkiltyp2@google.com.hk,787-630-5932
Konstantin Tribbeck,ktribbeckp3@mtv.com,235-563-3061
Saw Biskupiak,sbiskupiakp4@virginia.edu,366-326-1571
Filberte Shwenn,fshwennp5@sourceforge.net,624-177-3057
Nara Mackison,nmackisonp6@xrea.com,962-759-1147
Jorey Deesly,jdeeslyp7@dailymotion.com,576-204-5540
Ebeneser Kees,ekeesp8@odnoklassniki.ru,363-587-4389
Hercules Sanday,hsandayp9@epa.gov,520-401-7885
Rutger Wildin,rwildinpa@comcast.net,157-250-7841
Steward Oakenford,soakenfordpb@list-manage.com,326-130-9681
Erik Dubois,eduboispc@amazon.co.uk,196-707-8534
Reece Weinham,rweinhampd@chronoengine.com,357-424-2594
Theodoric Ryde,trydepe@google.nl,715-570-3088
Ellsworth Gyorffy,egyorffypf@wikia.com,663-543-1598
Bertie Eteen,beteenpg@paginegialle.it,840-518-3076
Henry Balharry,hbalharryph@dropbox.com,345-849-5773
Melony Gaddesby,mgaddesbypi@columbia.edu,306-154-7167
Nikoletta Pillman,npillmanpj@linkedin.com,141-440-8019
Marlane Castelletto,mcastellettopk@reference.com,186-495-1871
Dougie McEntagart,dmcentagartpl@alexa.com,734-591-9283
Lexy Gummoe,lgummoepm@mapquest.com,842-447-0176
Haskell Habberjam,hhabberjampn@netvibes.com,766-812-6906
Craig Bawme,cbawmepo@e-recht24.de,936-618-7318
Ellsworth Vardey,evardeypp@purevolume.com,782-972-3775
Bancroft Monkley,bmonkleypq@yandex.ru,261-301-6899
Carlin Beek,cbeekpr@abc.net.au,200-768-7929
Rozele Gliddon,rgliddonps@nhs.uk,801-333-3481
Livvy Batstone,lbatstonept@ning.com,821-373-4749
Maury Scates,mscatespu@ucoz.com,714-536-6484
Hollyanne Sauvain,hsauvainpv@t.co,828-983-8675
Johann Le Marquis,jlepw@naver.com,770-976-5987
Jilly Geertsen,jgeertsenpx@google.cn,245-552-6963
Kathleen Kmiec,kkmiecpy@icq.com,901-910-1110
Sonnie Kowal,skowalpz@blinklist.com,696-252-5282
Wini Blum,wblumq0@google.co.uk,499-662-2485
Anestassia Lucus,alucusq1@indiegogo.com,914-750-2771
Marshal Hovy,mhovyq2@google.co.jp,455-886-4349
Xavier Kall,xkallq3@reddit.com,581-786-7591
Averil Romero,aromeroq4@fotki.com,564-646-6665
Hortense Head,hheadq5@xinhuanet.com,830-249-3727
Barbe Bithany,bbithanyq6@behance.net,556-150-9352
Bertie Alyonov,balyonovq7@sogou.com,454-303-1602
Godfrey Glencros,gglencrosq8@flavors.me,809-185-1227
Mira Lucio,mlucioq9@reuters.com,353-227-4788
Sarine McBlain,smcblainqa@ihg.com,261-265-7725
Lisette Shapter,lshapterqb@desdev.cn,136-802-8971
Yolanda Scupham,yscuphamqc@reddit.com,436-708-0859
Orion Gell,ogellqd@youtu.be,177-566-5478
Elke Fayerbrother,efayerbrotherqe@arizona.edu,263-106-3174
Carrie Lomas,clomasqf@telegraph.co.uk,198-592-1818
Tedmund Bale,tbaleqg@miibeian.gov.cn,968-555-6551
Kasey Kopfen,kkopfenqh@webmd.com,692-319-4612
Marius Riseborough,mriseboroughqi@wikispaces.com,467-295-0981
Deirdre Guiu,dguiuqj@mapy.cz,177-404-0931
Clayton Aasaf,caasafqk@discuz.net,949-115-0937
Oona Romand,oromandql@hibu.com,196-503-8343
Manuel Basley,mbasleyqm@hostgator.com,112-381-9570
Leonard Jaggli,ljaggliqn@nbcnews.com,349-991-5901
Coleman Hubbuck,chubbuckqo@bloglovin.com,288-229-1420
Jasper Nacci,jnacciqp@addthis.com,493-183-7152
Baxy Renault,brenaultqq@cocolog-nifty.com,548-174-7236
Amil McGinty,amcgintyqr@comsenz.com,282-314-0420
Willamina Ivanshintsev,wivanshintsevqs@sohu.com,732-668-8487
Diandra Mulvany,dmulvanyqt@so-net.ne.jp,397-121-5366
Isis Lantiffe,ilantiffequ@blinklist.com,456-638-2333
Vivie Partner,vpartnerqv@apache.org,901-308-8142
Susanna Wildt,swildtqw@hubpages.com,202-213-2538
Demetris Skein,dskeinqx@ucsd.edu,890-309-1426
Sigmund Van Dale,svanqy@cocolog-nifty.com,656-760-9397
Yulma Mailes,ymailesqz@cafepress.com,303-439-9691
Rhody Lennox,rlennoxr0@slashdot.org,154-342-1275
Dorine Sealey,dsealeyr1@vinaora.com,489-249-1489
Raychel Hawthorne,rhawthorner2@seattletimes.com,328-205-9786
Cullen Burthom,cburthomr3@usatoday.com,528-482-3045
Constancia Beecker,cbeeckerr4@umn.edu,207-941-0917
Marylinda Oliva,molivar5@myspace.com,740-641-8851
Layne Francey,lfranceyr6@senate.gov,503-170-4538
Truda Raddin,traddinr7@illinois.edu,279-915-1130
Rosana Keary,rkearyr8@ibm.com,293-684-7402
Annamaria McArthur,amcarthurr9@cisco.com,481-384-9110
Donnajean Osgordby,dosgordbyra@cbslocal.com,344-227-9397
Alie Kenefick,akenefickrb@geocities.jp,666-585-9091
Hewitt Giacomuzzi,hgiacomuzzirc@techcrunch.com,624-901-3304
Nichole Cafe,ncaferd@last.fm,698-520-8854
Myrah Brabban,mbrabbanre@discuz.net,519-525-4890
Rolland Corkett,rcorkettrf@apple.com,890-351-3288
Arlen Siemianowicz,asiemianowiczrg@epa.gov,519-533-8353
Deni Stilliard,dstilliardrh@msn.com,860-534-0978
Pen Torry,ptorryri@wsj.com,143-897-9344
Lucien Semechik,lsemechikrj@dion.ne.jp,720-530-6618
Dorise Kopman,dkopmanrk@fotki.com,315-596-7241
Fayina Finnes,ffinnesrl@nba.com,513-865-1742
Bobinette Emmens,bemmensrm@salon.com,333-804-4575
Ardelle Kelley,akelleyrn@tripod.com,396-701-5875
Imelda MacAvddy,imacavddyro@google.co.uk,478-744-4991
Koralle Kingswood,kkingswoodrp@topsy.com,514-868-3701
Derril Petrushkevich,dpetrushkevichrq@europa.eu,553-233-9076
Aubry Lorenzetti,alorenzettirr@histats.com,243-462-0202
