full_name,email,phone_number
Rosanna Corragan,rcorragan0@com.com,162-488-3679
Adolph Dulinty,adulinty1@linkedin.com,869-575-8326
Lorelei Piwell,lpiwell2@forbes.com,764-199-6758
Millard Thomasset,mthomasset3@spotify.com,450-200-3567
Laurent Gregoli,lgregoli4@adobe.com,144-199-2769
Florri Jamison,fjamison5@deviantart.com,856-376-6244
Horatio Pauwel,hpauwel6@joomla.org,208-490-8556
Faulkner Bentjens,fbentjens7@imageshack.us,981-890-8230
Malia Lockless,mlockless8@tiny.cc,363-457-9333
Opaline Bison,obison9@blogger.com,763-109-5440
Abagael Fairfoul,afairfoula@cpanel.net,292-718-0257
Siffre Mayston,smaystonb@wikipedia.org,910-844-4539
Heddi Slane,hslanec@behance.net,723-556-5031
Roger Petrello,rpetrellod@hubpages.com,377-496-8954
Darwin Dyerson,ddyersone@yahoo.co.jp,959-731-6456
Katherine Haddock,khaddockf@mail.ru,345-904-9819
Sawyere McArd,smcardg@sciencedirect.com,897-475-3918
Ashby O'Lagen,aolagenh@alexa.com,710-165-2476
Baily Vowdon,bvowdoni@dailymotion.com,309-141-5318
Marie-ann Mallinder,mmallinderj@etsy.com,812-651-2749
Sherilyn Skyme,sskymek@ezinearticles.com,404-381-4509
Bethena Clewley,bclewleyl@mapquest.com,948-984-0210
Emlen Prettyjohns,eprettyjohnsm@blog.com,395-311-9293
Trixy Denys,tdenysn@tripadvisor.com,940-428-9008
Nessy Lindores,nlindoreso@cbc.ca,972-623-7485
Emilio Fortescue,efortescuep@state.tx.us,433-632-9010
Cornell Losbie,closbieq@psu.edu,345-384-9597
Dorine Pandie,dpandier@google.co.uk,673-668-2955
Clay Ellis,celliss@trellian.com,461-919-8731
Leonora Mulbry,lmulbryt@smh.com.au,881-517-1162
Nert Gartin,ngartinu@ow.ly,763-612-0733
Morganne Bagwell,mbagwellv@tumblr.com,117-104-8853
Tome Lodder,tlodderw@yandex.ru,920-343-4477
Jobina Petrulis,jpetrulisx@si.edu,358-652-5521
Noby Ferrarini,nferrariniy@omniture.com,109-574-1718
Robert Dedrick,rdedrickz@ameblo.jp,778-107-1738
Cody Lobell,clobell10@barnesandnoble.com,929-149-3391
Ransell Simonou,rsimonou11@tinyurl.com,544-102-4017
Anthony Scneider,ascneider12@1688.com,836-878-0291
Dalis Files,dfiles13@blogtalkradio.com,184-898-8809
Chastity Gemlbett,cgemlbett14@sogou.com,651-978-7758
Vaughn Rentoul,vrentoul15@instagram.com,698-739-6639
Vivienne Kimblin,vkimblin16@slideshare.net,946-303-2833
Amii Loughead,aloughead17@apache.org,234-139-4340
Michaela Toovey,mtoovey18@mozilla.org,995-797-4372
Wilie Blyde,wblyde19@pinterest.com,372-552-6623
Barret Diwell,bdiwell1a@shinystat.com,199-755-1943
Elston Zanetto,ezanetto1b@geocities.com,310-610-9749
Myrvyn Haylands,mhaylands1c@feedburner.com,713-889-3942
Andriette Bills,abills1d@netscape.com,976-649-2047
Gerrilee Brimmicombe,gbrimmicombe1e@intel.com,422-616-1737
Rip Baggallay,rbaggallay1f@unicef.org,254-855-9206
Guglielmo Mottram,gmottram1g@goo.ne.jp,302-447-5685
Gayle Topaz,gtopaz1h@dmoz.org,664-911-7707
Selene Pinn,spinn1i@goodreads.com,145-450-8984
Betta Gobel,bgobel1j@time.com,936-941-3773
Oriana Kowalik,okowalik1k@soup.io,432-682-5348
Deanna Campion,dcampion1l@linkedin.com,543-809-1626
Gregorio Fraczak,gfraczak1m@msu.edu,835-621-2573
Lise Samwayes,lsamwayes1n@blogtalkradio.com,687-873-4357
Max MacMenamie,mmacmenamie1o@bloomberg.com,993-151-9905
Cindy Spieck,cspieck1p@freewebs.com,860-869-9744
Cacilie Ollington,collington1q@blogger.com,715-516-2555
Nichole Fairbrother,nfairbrother1r@nbcnews.com,766-335-1886
Lazare Sillis,lsillis1s@ihg.com,468-961-4337
Karlen Pedrozzi,kpedrozzi1t@narod.ru,332-515-9444
Westleigh Blaszkiewicz,wblaszkiewicz1u@msu.edu,819-526-4357
Lurlene Rayne,lrayne1v@springer.com,376-837-4319
Merrill Yerlett,myerlett1w@symantec.com,845-965-2086
Lorrin Aven,laven1x@hao123.com,756-385-8008
Vin Strafen,vstrafen1y@ed.gov,280-840-8223
Lyndy Tooher,ltooher1z@msu.edu,813-631-8719
Ashil Sparshett,asparshett20@smh.com.au,534-169-1297
Shawnee Fozard,sfozard21@squarespace.com,315-637-0782
Valentino Luisetti,vluisetti22@ucoz.ru,727-595-0086
Ynes Gibbon,ygibbon23@ow.ly,902-248-7433
Papageno Le feuvre,ple24@umich.edu,508-132-0915
Flint Looby,flooby25@amazonaws.com,883-718-0365
Randi Maruszewski,rmaruszewski26@aboutads.info,803-133-4143
Roman Catherall,rcatherall27@springer.com,798-246-5972
Timothee Tethcote,ttethcote28@illinois.edu,315-888-9935
Brennen Patrone,bpatrone29@uiuc.edu,904-229-7529
Cos Gebhard,cgebhard2a@theglobeandmail.com,407-180-8204
Gusti Everil,geveril2b@reference.com,106-796-0326
Angelina Padly,apadly2c@berkeley.edu,846-259-2699
Gibb Andrys,gandrys2d@wordpress.com,513-395-1059
Bertrand Forcer,bforcer2e@archive.org,399-314-7708
Missie Brecknall,mbrecknall2f@goodreads.com,390-315-4187
Janey Albone,jalbone2g@facebook.com,914-995-7172
Lowell Coult,lcoult2h@cmu.edu,813-440-6874
Ewen Snookes,esnookes2i@admin.ch,875-351-8463
Jarrod Bagwell,jbagwell2j@github.com,499-613-7596
Zarla Priestland,zpriestland2k@sfgate.com,170-298-1430
Daveen McCart,dmccart2l@cnn.com,247-236-7425
Golda Raisher,graisher2m@tripod.com,724-602-2917
Filberte Bambrough,fbambrough2n@nasa.gov,507-186-5957
Kitty Hollingshead,khollingshead2o@miitbeian.gov.cn,622-739-8117
Morton Tubble,mtubble2p@dmoz.org,185-577-5028
Meade Tregaskis,mtregaskis2q@tripod.com,616-821-9006
Burlie Mallinson,bmallinson2r@about.me,628-403-1958
Mable Lacky,mlacky2s@howstuffworks.com,164-989-6202
Dill Dybald,ddybald2t@ucoz.com,445-837-8599
Kienan Grombridge,kgrombridge2u@nytimes.com,612-503-6039
Hedvig Camellini,hcamellini2v@xing.com,606-709-2543
Demott Ogdahl,dogdahl2w@odnoklassniki.ru,283-383-5306
Bambi Ambroisin,bambroisin2x@weebly.com,518-699-1246
Cordey Smeath,csmeath2y@google.de,512-489-5869
Marisa Risby,mrisby2z@cornell.edu,119-286-1461
Cairistiona Frankiss,cfrankiss30@cisco.com,382-409-0615
Faulkner Adolphine,fadolphine31@xrea.com,222-403-3798
Ainslie Eads,aeads32@usgs.gov,344-585-6384
Alvan Basant,abasant33@csmonitor.com,303-902-0549
Rene Haylor,rhaylor34@usatoday.com,773-954-8393
Clotilda Moncreiff,cmoncreiff35@admin.ch,536-151-9376
Gisella Hansen,ghansen36@accuweather.com,155-988-6785
Luci Clausson,lclausson37@umich.edu,396-130-6943
Tiffani Cumbers,tcumbers38@pinterest.com,546-461-7076
Roberto Dollar,rdollar39@yellowbook.com,613-128-1340
Cairistiona Downes,cdownes3a@springer.com,187-205-2812
Sada Lancetter,slancetter3b@craigslist.org,757-493-2723
Celeste Parrin,cparrin3c@icq.com,470-654-3758
Shayla Bennetto,sbennetto3d@accuweather.com,708-635-5830
Chester Draaisma,cdraaisma3e@senate.gov,168-611-5084
Darrell Stayte,dstayte3f@cloudflare.com,919-285-7090
Orland Conechie,oconechie3g@google.cn,746-160-3923
Eve Pollett,epollett3h@google.ru,789-861-9100
Hans Doughill,hdoughill3i@unicef.org,595-753-7657
Cecil Jiracek,cjiracek3j@lycos.com,146-110-5540
Cindy Ciccone,cciccone3k@adobe.com,458-996-4304
Kerrie Rathborne,krathborne3l@hostgator.com,109-843-2451
Neill Flag,nflag3m@delicious.com,655-680-1298
Leonidas Durrance,ldurrance3n@google.co.jp,956-914-3317
Krystyna Rolfini,krolfini3o@hubpages.com,181-147-5422
Leeanne Armin,larmin3p@moonfruit.com,399-283-2472
Ronalda Goffe,rgoffe3q@phpbb.com,730-374-1102
Marita Lawtie,mlawtie3r@macromedia.com,206-795-5193
Dew Rowbury,drowbury3s@vimeo.com,448-337-0150
William Minker,wminker3t@people.com.cn,501-413-7066
Clint Jouning,cjouning3u@artisteer.com,107-638-1074
Luis Widdowson,lwiddowson3v@dmoz.org,160-157-0277
Alleyn Crayden,acrayden3w@symantec.com,432-846-0414
Brendan Quiddington,bquiddington3x@sohu.com,778-324-8200
Philis Alday,palday3y@jigsy.com,408-819-3897
Atlanta Bownas,abownas3z@blogtalkradio.com,111-576-2910
Gianna Shaplin,gshaplin40@creativecommons.org,357-185-7225
Shayne Caraher,scaraher41@independent.co.uk,876-856-5370
Miles Basilotta,mbasilotta42@nature.com,709-983-1082
Atlante Spittal,aspittal43@bbc.co.uk,315-842-8862
Yvor Joselson,yjoselson44@paginegialle.it,320-336-9927
Katalin Cahen,kcahen45@princeton.edu,533-592-6075
Vikky Baber,vbaber46@squidoo.com,702-834-4715
Tarrah Andreev,tandreev47@google.de,428-510-1994
Shaine Loyley,sloyley48@noaa.gov,102-893-4390
Janaya Trevance,jtrevance49@xing.com,205-108-3420
Tadio Taggett,ttaggett4a@google.com.hk,325-206-7868
Loria Lowater,llowater4b@w3.org,391-559-3034
Tallulah Enrico,tenrico4c@studiopress.com,644-631-8613
Maximilien Antalffy,mantalffy4d@plala.or.jp,201-382-9903
Chadwick Tax,ctax4e@merriam-webster.com,279-933-6932
Eugenie Meiner,emeiner4f@yandex.ru,239-843-4418
Myrtie Fobidge,mfobidge4g@dell.com,485-843-3169
Jenica Jedrzejkiewicz,jjedrzejkiewicz4h@infoseek.co.jp,256-276-1633
Dell Paal,dpaal4i@earthlink.net,166-145-8987
Genna Casado,gcasado4j@senate.gov,817-617-3737
Royal Townby,rtownby4k@wordpress.com,748-662-9237
Gayleen Alti,galti4l@ibm.com,537-670-4631
Christyna Turbefield,cturbefield4m@cam.ac.uk,549-665-1966
Tallie Disley,tdisley4n@wired.com,859-383-2370
Pepita Nouch,pnouch4o@uiuc.edu,914-601-8629
Sonni Hubery,shubery4p@slashdot.org,726-444-3602
May Ruprecht,mruprecht4q@cam.ac.uk,755-660-1435
Elnora Fildery,efildery4r@ibm.com,389-176-9471
Cordell Lotherington,clotherington4s@cafepress.com,713-719-9233
Cleon Lambrechts,clambrechts4t@skyrock.com,724-745-7417
Berry Finker,bfinker4u@ovh.net,934-580-2507
Thorn Bickell,tbickell4v@europa.eu,475-850-1004
Wilek Spurgeon,wspurgeon4w@bbb.org,688-642-6865
Jesselyn Pawlata,jpawlata4x@ft.com,180-435-8088
Farlee Gontier,fgontier4y@shinystat.com,423-915-7128
Eloisa Simond,esimond4z@dyndns.org,381-953-4583
Dan Nutter,dnutter50@fema.gov,515-945-8313
Megan Fooks,mfooks51@godaddy.com,807-239-9176
Kary Longo,klongo52@webnode.com,772-741-9500
Cybil Rozzell,crozzell53@mlb.com,210-366-8166
Lula Dymond,ldymond54@wordpress.org,646-537-4367
Shara Bleue,sbleue55@flavors.me,939-366-0041
Lesley De Vries,lde56@blog.com,788-871-3928
Josephine World,jworld57@bluehost.com,210-383-8400
Blythe Duckworth,bduckworth58@fotki.com,773-232-3450
Darice Orrock,dorrock59@nhs.uk,128-296-5107
Madalyn Meach,mmeach5a@e-recht24.de,989-392-1321
Eal Kolyagin,ekolyagin5b@statcounter.com,489-660-0671
Hyacinthie Jedrzej,hjedrzej5c@cnbc.com,144-294-8548
Julissa Snozzwell,jsnozzwell5d@amazonaws.com,487-180-8719
Reagan Klemmt,rklemmt5e@homestead.com,971-786-2174
Horacio Springford,hspringford5f@mashable.com,467-905-6356
Mario Letson,mletson5g@hubpages.com,730-319-6028
Gerti Boast,gboast5h@jiathis.com,490-999-1271
Lorilee Spearman,lspearman5i@histats.com,312-175-9855
Gregoire Shardlow,gshardlow5j@discuz.net,165-519-4998
Corrina Scholey,cscholey5k@imgur.com,324-767-7174
Peta Aiken,paiken5l@youtube.com,365-455-6863
Carlye Fern,cfern5m@blogspot.com,462-795-1183
Ches Gaze,cgaze5n@jigsy.com,385-432-1955
Ranna Bartos,rbartos5o@com.com,290-282-7941
Tuck Macknish,tmacknish5p@gnu.org,190-887-4577
Jenica Bernaciak,jbernaciak5q@discovery.com,719-443-1611
Olympia Pavier,opavier5r@dion.ne.jp,520-951-4783
Stacee Pickering,spickering5s@instagram.com,703-494-6046
Reena Parks,rparks5t@chron.com,836-902-0342
Marina Rendle,mrendle5u@surveymonkey.com,892-193-1422
Gabriel Konke,gkonke5v@ameblo.jp,917-192-2267
Loleta Burwood,lburwood5w@webs.com,572-943-6263
Collin Tapp,ctapp5x@unesco.org,516-561-8790
Dew Morgon,dmorgon5y@dyndns.org,127-264-1777
Jennie Westcot,jwestcot5z@bing.com,412-114-9657
Clyve Costar,ccostar60@themeforest.net,221-285-9120
Beverlee Tesyro,btesyro61@artisteer.com,572-862-6323
Artemas Vagg,avagg62@abc.net.au,334-978-5393
Pace Humbatch,phumbatch63@hhs.gov,214-256-2637
Fleur Feehily,ffeehily64@sakura.ne.jp,381-495-3184
Merle Ruddiforth,mruddiforth65@ca.gov,676-381-9947
Deidre De Biasio,dde66@nih.gov,888-826-5177
Melinde Baline,mbaline67@columbia.edu,646-535-2472
Tallou Farloe,tfarloe68@nyu.edu,314-736-0615
Agna Vidgen,avidgen69@thetimes.co.uk,649-753-0738
Cooper Hauch,chauch6a@jalbum.net,443-874-3087
Carol-jean Orritt,corritt6b@ftc.gov,162-626-0061
Loralyn Hechlin,lhechlin6c@vinaora.com,348-719-4366
Della Duhig,dduhig6d@gizmodo.com,747-266-5405
Alfy Northfield,anorthfield6e@nytimes.com,921-490-4149
Dev Ortet,dortet6f@xrea.com,368-967-4996
Mordecai Daubeny,mdaubeny6g@csmonitor.com,707-690-6371
Brenda O'Hoolahan,bohoolahan6h@wordpress.org,101-895-4869
Auberta Winston,awinston6i@skyrock.com,633-679-2234
Brodie Uglow,buglow6j@fda.gov,407-969-0069
Kristin Caress,kcaress6k@microsoft.com,399-318-0000
Purcell Hedditeh,phedditeh6l@lulu.com,829-541-7292
Caria Radborn,cradborn6m@wufoo.com,756-261-9526
Fanni Vaadeland,fvaadeland6n@latimes.com,168-576-3753
Darlleen Peasgood,dpeasgood6o@jiathis.com,130-482-4531
Lee Cuskery,lcuskery6p@theguardian.com,161-522-1017
Dur Teasdale,dteasdale6q@newsvine.com,937-814-6199
Julissa Steuart,jsteuart6r@ucla.edu,678-940-1581
Rolando Dymocke,rdymocke6s@live.com,262-477-7188
Les Wontner,lwontner6t@thetimes.co.uk,103-650-4323
Isaak Duce,iduce6u@cbc.ca,808-714-1175
Roobbie Sandeson,rsandeson6v@bloglovin.com,952-848-0153
Gabriel Talman,gtalman6w@is.gd,326-673-1572
Val Rispine,vrispine6x@odnoklassniki.ru,508-875-2850
Minnaminnie Beddall,mbeddall6y@dedecms.com,608-699-0121
Ingamar Matusevich,imatusevich6z@123-reg.co.uk,212-821-0386
Gun Giacoppo,ggiacoppo70@unesco.org,123-622-0545
Milty Padgett,mpadgett71@eventbrite.com,267-992-3281
Delphinia Hele,dhele72@noaa.gov,844-684-6996
Burnaby Kleinstub,bkleinstub73@ow.ly,422-460-6788
Jaymie Cashford,jcashford74@tuttocitta.it,650-348-3070
Guglielma Blinkhorn,gblinkhorn75@hp.com,543-736-6616
Shaina Stove,sstove76@dyndns.org,831-494-5726
Theodor Gransden,tgransden77@forbes.com,498-863-9202
Felizio Ramey,framey78@so-net.ne.jp,526-642-5472
Pierrette Dignam,pdignam79@google.ca,343-822-8500
Amalie Feronet,aferonet7a@tumblr.com,149-717-8267
Marve Wyre,mwyre7b@tripod.com,707-400-1596
Nance Dealy,ndealy7c@sphinn.com,756-751-9395
Yehudit Baggallay,ybaggallay7d@uiuc.edu,503-283-3688
Frankie Howsden,fhowsden7e@google.com.br,864-222-0444
Sunshine O' Lone,so7f@networksolutions.com,278-335-4836
Tracey Tull,ttull7g@springer.com,385-217-8014
Nicolis Ridett,nridett7h@livejournal.com,955-707-1113
Jennee Tennet,jtennet7i@taobao.com,735-754-3767
Renard Macconaghy,rmacconaghy7j@columbia.edu,608-488-6379
Gordie Dunaway,gdunaway7k@yandex.ru,211-671-0555
Larissa Windus,lwindus7l@typepad.com,827-326-2585
Barbaraanne Bramwell,bbramwell7m@yahoo.co.jp,202-951-7453
Fielding Dobney,fdobney7n@mac.com,967-914-6476
Lewes Bulpitt,lbulpitt7o@census.gov,648-995-1440
Jenni Troy,jtroy7p@washington.edu,356-522-1873
Zacharie Sines,zsines7q@purevolume.com,896-851-7862
Shurlocke Kitt,skitt7r@mediafire.com,730-524-5778
Orson Edwins,oedwins7s@google.fr,620-654-2359
Anthony Sherington,asherington7t@apple.com,643-472-1186
Niall Arkin,narkin7u@sciencedirect.com,350-386-9995
Alberta Wadesworth,awadesworth7v@washington.edu,753-128-3150
Cris Pealing,cpealing7w@amazon.com,764-814-4945
Cynthea Duffield,cduffield7x@hc360.com,989-159-3734
Dorisa Kyston,dkyston7y@symantec.com,516-788-6589
Bevon Vasilyevski,bvasilyevski7z@usda.gov,962-883-5454
Cordie Doleman,cdoleman80@etsy.com,892-735-7711
Sabine Harkes,sharkes81@technorati.com,290-319-2184
Kari Clifton,kclifton82@technorati.com,790-549-6310
Olav Hargerie,ohargerie83@ocn.ne.jp,533-951-9503
Shirlee Ackenhead,sackenhead84@hud.gov,784-352-9119
Simeon Leteurtre,sleteurtre85@wix.com,717-870-2487
Issi Andreia,iandreia86@java.com,428-672-8700
Jarred Hugle,jhugle87@fda.gov,707-110-6948
Suzanne Britcher,sbritcher88@people.com.cn,605-583-6247
Osmond Dubock,odubock89@ucoz.ru,964-246-7680
Elka Phillis,ephillis8a@yolasite.com,261-986-9193
Alica Evett,aevett8b@blinklist.com,310-544-6734
Maryjane Massot,mmassot8c@sitemeter.com,999-330-8888
Dorene Picker,dpicker8d@live.com,955-218-7990
Ker Casassa,kcasassa8e@icio.us,927-361-4266
Iormina Canas,icanas8f@va.gov,815-884-4466
Jorge Cathrall,jcathrall8g@illinois.edu,604-291-9967
Nisse Garnett,ngarnett8h@pbs.org,826-355-2442
Wini Aksell,waksell8i@ameblo.jp,562-978-7557
Roberto Desaur,rdesaur8j@timesonline.co.uk,499-390-1230
Lincoln Bunny,lbunny8k@bandcamp.com,504-155-6220
Arnold Jarnell,ajarnell8l@mlb.com,644-426-3812
Wilone Georg,wgeorg8m@goo.ne.jp,312-176-0483
Andria Trathen,atrathen8n@scribd.com,966-330-5628
Dory Loghan,dloghan8o@moonfruit.com,310-516-6673
Antone Leitche,aleitche8p@1688.com,655-897-2250
Celestine Girone,cgirone8q@cbsnews.com,479-245-1917
Abbey Peakman,apeakman8r@gov.uk,581-279-6459
Gaile Balderston,gbalderston8s@sfgate.com,972-469-9923
Nappie Faux,nfaux8t@microsoft.com,923-142-3658
Arv Noddles,anoddles8u@statcounter.com,589-874-3222
Kahaleel Pettendrich,kpettendrich8v@uiuc.edu,255-551-0437
Wallis Brambill,wbrambill8w@imageshack.us,310-144-9393
Giacomo Ellesworthe,gellesworthe8x@springer.com,832-214-5664
Clemmy Vannucci,cvannucci8y@yellowpages.com,106-363-8439
Shanta Samarth,ssamarth8z@yelp.com,267-407-1685
Wain Chomicz,wchomicz90@ox.ac.uk,381-464-8497
Kylila Cesco,kcesco91@engadget.com,248-826-1124
Micki Cousin,mcousin92@mayoclinic.com,336-346-3534
Addy Cusick,acusick93@flavors.me,486-180-8099
Elayne Lettuce,elettuce94@tumblr.com,357-418-1231
Vaughn Worg,vworg95@berkeley.edu,399-885-5527
Borg Gaine of England,bgaine96@auda.org.au,340-818-4488
Bessie Horley,bhorley97@bigcartel.com,744-979-3182
Cortie Dugan,cdugan98@nasa.gov,151-441-9436
Fons Clement,fclement99@google.de,267-713-8986
Vincenty Capewell,vcapewell9a@histats.com,676-382-9896
Lem Rannald,lrannald9b@microsoft.com,361-479-0955
Noel Bastick,nbastick9c@goo.gl,293-462-5901
Chuck Mebius,cmebius9d@creativecommons.org,881-734-3758
Lacy Southby,lsouthby9e@usatoday.com,668-349-5610
Ermina Wherton,ewherton9f@accuweather.com,854-285-3474
Lindsay Lindsley,llindsley9g@goodreads.com,510-791-0369
Betsey Dubber,bdubber9h@artisteer.com,770-504-6575
Gris Janauschek,gjanauschek9i@businessinsider.com,280-379-5189
Kay Bilfoot,kbilfoot9j@1688.com,409-655-2596
Grier Ledwidge,gledwidge9k@networksolutions.com,599-479-6542
Lesley Heartfield,lheartfield9l@skype.com,108-474-0739
Audra Domel,adomel9m@clickbank.net,328-711-5756
Clemmie Favelle,cfavelle9n@aboutads.info,706-470-3309
Sampson Strowger,sstrowger9o@cbc.ca,554-792-4903
Edi Edgar,eedgar9p@bizjournals.com,173-653-0647
Charil Toffolini,ctoffolini9q@patch.com,413-539-9683
Fae Laven,flaven9r@ustream.tv,431-794-9007
Arabel Dominik,adominik9s@buzzfeed.com,990-919-7044
Base Charer,bcharer9t@harvard.edu,854-922-6035
Janice Maudett,jmaudett9u@taobao.com,531-355-8535
Elonore Lathee,elathee9v@mit.edu,406-814-0233
Ree O'Driscoll,rodriscoll9w@yellowbook.com,424-610-1977
Kessiah Canaan,kcanaan9x@dion.ne.jp,555-634-9896
Ronnie Worsalls,rworsalls9y@usnews.com,826-772-9094
Emmit Carnew,ecarnew9z@cnn.com,850-906-5040
Serge Stovell,sstovella0@freewebs.com,960-786-4727
Judon Tant,jtanta1@cafepress.com,730-618-2321
Donna Mowat,dmowata2@smugmug.com,212-110-1818
Iver Alben,ialbena3@spiegel.de,212-925-8943
Mason Simmill,msimmilla4@nsw.gov.au,459-638-2937
Dianne Salery,dsalerya5@mac.com,407-613-7017
Ailsun Duncombe,aduncombea6@google.it,332-190-6910
Karil Lawee,klaweea7@unesco.org,986-326-6538
Keven Glasson,kglassona8@nifty.com,329-109-4715
Hyatt Petzolt,hpetzolta9@reverbnation.com,651-126-4211
Sim Tisor,stisoraa@netlog.com,928-492-5408
Peri Pennycord,ppennycordab@abc.net.au,533-623-8612
Adiana Duckwith,aduckwithac@quantcast.com,121-331-4216
Teddie Fulle,tfullead@liveinternet.ru,225-431-7495
Jenilee Lismore,jlismoreae@last.fm,558-827-1671
Lyssa Keaves,lkeavesaf@instagram.com,507-596-1593
Kerri Dumigan,kdumiganag@barnesandnoble.com,807-874-2789
Eada Abells,eabellsah@addthis.com,594-247-0073
Luca Hutsby,lhutsbyai@webs.com,588-294-0971
Byrann Kenen,bkenenaj@smh.com.au,322-227-0065
Sella Benzies,sbenziesak@elpais.com,812-420-2163
Parnell Fursey,pfurseyal@ameblo.jp,371-576-7387
Inge Rothwell,irothwellam@apple.com,121-496-8901
Betteanne Carnier,bcarnieran@e-recht24.de,622-795-6458
Marje Dockray,mdockrayao@webmd.com,614-521-5456
Marven Juanes,mjuanesap@domainmarket.com,861-103-1583
Laurie Morteo,lmorteoaq@scientificamerican.com,658-936-9377
Ronalda Gainsborough,rgainsboroughar@360.cn,195-302-2245
Jarrad Weldrake,jweldrakeas@deviantart.com,882-562-1072
Katharyn Flippen,kflippenat@163.com,690-497-0696
Charla Ferney,cferneyau@gnu.org,460-949-0331
Ollie Darbyshire,odarbyshireav@ebay.co.uk,803-536-1577
Shari Arni,sarniaw@washington.edu,944-286-7251
Cyril Gellion,cgellionax@geocities.com,182-855-2474
Amandy Kennerknecht,akennerknechtay@oracle.com,256-435-2160
Willy Fordy,wfordyaz@cbsnews.com,120-960-2673
Marcelline Jammet,mjammetb0@bbb.org,234-757-4919
Hazel Laurant,hlaurantb1@buzzfeed.com,934-683-7486
Allayne Cassel,acasselb2@ameblo.jp,118-857-9644
Dian Heinzel,dheinzelb3@state.gov,976-914-1501
Curtice Weippert,cweippertb4@blogs.com,574-872-2567
Adele Canham,acanhamb5@is.gd,112-276-9722
Xylia Spybey,xspybeyb6@dailymotion.com,578-977-9775
Isac Petricek,ipetricekb7@freewebs.com,713-989-8401
Dorie Cutchee,dcutcheeb8@bloomberg.com,527-483-2107
Gilly Haggar,ghaggarb9@google.co.jp,344-161-4176
Mitzi Brunroth,mbrunrothba@clickbank.net,665-340-4513
Dionysus Van Eeden,dvanbb@bandcamp.com,337-844-1668
Oliy Mayger,omaygerbc@craigslist.org,951-371-8565
Troy Yankov,tyankovbd@scribd.com,927-251-8925
Beatriz Northing,bnorthingbe@webnode.com,955-849-8890
Teddy Merrien,tmerrienbf@loc.gov,818-659-0094
Adan Deveril,adeverilbg@imageshack.us,839-523-8554
Lizette Ruffli,lrufflibh@tamu.edu,517-790-3580
Ian Seman,isemanbi@creativecommons.org,337-481-2461
Augustine Kinzel,akinzelbj@state.tx.us,547-576-2343
Audi Matokhnin,amatokhninbk@flickr.com,677-436-5334
Ceil Chidler,cchidlerbl@t.co,458-930-8634
Kellia Klimowicz,kklimowiczbm@wsj.com,439-216-1812
Walther Swaysland,wswayslandbn@edublogs.org,118-365-1777
Junette Frift,jfriftbo@sciencedirect.com,976-492-3689
Zacharie Tatem,ztatembp@homestead.com,691-622-5672
Tootsie Gippes,tgippesbq@desdev.cn,588-355-9869
Claudianus Tassel,ctasselbr@usgs.gov,266-576-7142
Burnard Doberer,bdobererbs@abc.net.au,189-969-8212
Heidie Doulton,hdoultonbt@redcross.org,743-590-8236
Seward Jiggle,sjigglebu@storify.com,122-279-2674
Hobart Sturridge,hsturridgebv@digg.com,734-832-9719
Dacy Anstiss,danstissbw@vinaora.com,460-131-5307
Leonid Basson,lbassonbx@bbb.org,114-467-2172
Welbie Gilluley,wgilluleyby@prlog.org,255-299-4051
Marilee Dopson,mdopsonbz@columbia.edu,738-128-2283
Hiram Paddon,hpaddonc0@unc.edu,842-988-5715
Krystyna Fentem,kfentemc1@sciencedirect.com,616-180-5532
Guglielmo O'Finan,gofinanc2@nytimes.com,433-534-9388
Anthiathia Andrusov,aandrusovc3@drupal.org,352-794-3432
Georgia Allot,gallotc4@ehow.com,327-510-6718
Homere Werrit,hwerritc5@marketwatch.com,990-414-6264
Ceil Paunton,cpauntonc6@jugem.jp,693-279-9670
Brande Pawden,bpawdenc7@cdbaby.com,506-589-4867
Alonso Mix,amixc8@wufoo.com,852-377-2477
Maudie Marunchak,mmarunchakc9@hao123.com,504-254-0652
Aleda Aers,aaersca@netvibes.com,863-756-0245
Cherin Clewes,cclewescb@nba.com,791-991-9785
Elnar Szymczyk,eszymczykcc@discuz.net,915-134-1689
Page Forsdyke,pforsdykecd@angelfire.com,796-111-1043
Dawn Gillson,dgillsonce@miitbeian.gov.cn,636-670-2764
Benita Taig,btaigcf@bloglines.com,384-928-9132
Deborah Farnell,dfarnellcg@theatlantic.com,429-923-1283
Thorsten Amorine,tamorinech@wired.com,153-528-4311
Leslie Stansby,lstansbyci@w3.org,705-725-8855
Agathe Yanin,ayanincj@list-manage.com,998-583-2325
Randie Gibke,rgibkeck@uol.com.br,353-723-2706
Claus Eastcourt,ceastcourtcl@nature.com,646-679-9867
Lacey Kenderdine,lkenderdinecm@cnet.com,549-316-2525
Drucie Tesoe,dtesoecn@netscape.com,754-826-4809
Morey Ponde,mpondeco@jiathis.com,452-133-3154
Ediva Simao,esimaocp@gmpg.org,543-999-8759
Sherlock Mularkey,smularkeycq@businessinsider.com,140-594-6841
Levin Cayford,lcayfordcr@qq.com,202-774-6207
Ingaborg Manwaring,imanwaringcs@flickr.com,196-877-9221
Brnaba MacFadin,bmacfadinct@jalbum.net,816-233-6739
Dorolisa Baitson,dbaitsoncu@google.co.jp,653-608-9612
Alexi Moulden,amouldencv@privacy.gov.au,184-958-9903
Hercule Bysaker,hbysakercw@admin.ch,626-592-5717
Cyndie Hattam,chattamcx@macromedia.com,609-993-7949
Clari Annice,cannicecy@dailymail.co.uk,319-439-8423
Ginelle Calan,gcalancz@pen.io,429-965-1524
Rickard Dunkley,rdunkleyd0@360.cn,263-751-5507
Keeley Persian,kpersiand1@tamu.edu,595-915-7032
Alistair Jedrzejczyk,ajedrzejczykd2@narod.ru,524-509-3055
Wildon Kedge,wkedged3@feedburner.com,293-977-3879
Brig Pearton,bpeartond4@walmart.com,745-322-9365
Jeanna Garraway,jgarrawayd5@biglobe.ne.jp,415-281-2621
Gene Albertson,galbertsond6@g.co,127-205-3225
Ambrosi Relf,arelfd7@sciencedirect.com,522-942-7704
Ricki Walesa,rwalesad8@phoca.cz,198-478-4323
Elfrieda Wennam,ewennamd9@clickbank.net,899-679-3019
Ina Basnett,ibasnettda@dell.com,270-643-9274
Minor Vevers,mveversdb@uiuc.edu,931-377-0619
Siana MacHostie,smachostiedc@cloudflare.com,790-870-8294
Byrann Grimoldby,bgrimoldbydd@netlog.com,411-647-7728
Willow Watson,wwatsonde@scribd.com,324-282-9018
Rem Robben,rrobbendf@typepad.com,341-976-1108
Rebeca Mc Carroll,rmcdg@hexun.com,598-817-3990
Daphne Maker,dmakerdh@networksolutions.com,181-313-4134
Erek Corrington,ecorringtondi@telegraph.co.uk,737-613-0280
Lara Bonus,lbonusdj@nsw.gov.au,392-516-4170
Becka Bickersteth,bbickerstethdk@cam.ac.uk,509-158-0312
Gwyneth Ohlsen,gohlsendl@e-recht24.de,427-848-0492
Cori Mandifield,cmandifielddm@irs.gov,959-458-8134
Melany Boal,mboaldn@amazon.com,418-506-3465
Jodie Lebbern,jlebberndo@prlog.org,612-619-5916
Tobye Pappin,tpappindp@cdbaby.com,184-883-5445
Silvester Rodrigo,srodrigodq@reuters.com,570-640-1105
Jenni Lutman,jlutmandr@amazon.co.jp,504-202-5704
Myrvyn Woollacott,mwoollacottds@engadget.com,855-126-7733
Cale Chuney,cchuneydt@nymag.com,481-169-6904
Amelina La Padula,aladu@home.pl,645-945-7155
Michaela Reisen,mreisendv@usgs.gov,539-334-8199
Cybil Thieme,cthiemedw@bluehost.com,313-364-5610
Danita Zimek,dzimekdx@home.pl,940-762-9596
Arney Bowdon,abowdondy@wunderground.com,942-789-4652
Aurore Risso,arissodz@home.pl,853-204-1233
Piper Rackam,prackame0@narod.ru,638-818-2174
Kerrie Chaffey,kchaffeye1@wikipedia.org,650-944-9200
Frederigo Bellini,fbellinie2@senate.gov,362-493-4900
Teodorico Surcomb,tsurcombe3@bbb.org,603-423-6588
Kippar Keri,kkerie4@elegantthemes.com,890-514-5382
Enrichetta Mewburn,emewburne5@scribd.com,454-619-8882
Suellen MacLeod,smacleode6@ycombinator.com,561-161-8859
Yardley Firmager,yfirmagere7@craigslist.org,578-901-9212
Barnie Fereday,bferedaye8@nydailynews.com,823-816-5069
Jaime Blincowe,jblincowee9@furl.net,748-594-2231
Anet Presman,apresmanea@stumbleupon.com,687-132-4102
Niven Davion,ndavioneb@techcrunch.com,333-482-0641
Jessalin Zanutti,jzanuttiec@washington.edu,826-550-8188
Kinna Koppens,kkoppensed@china.com.cn,217-713-4146
Cynthia Ferrulli,cferrulliee@sfgate.com,757-585-5468
Chester Hyett,chyettef@seattletimes.com,873-796-3513
Chickie Ivchenko,civchenkoeg@digg.com,504-554-6607
Alison Muggach,amuggacheh@slate.com,937-420-6016
Kristina Linsey,klinseyei@time.com,586-409-6374
Robbie Hayler,rhaylerej@dmoz.org,436-111-1811
Felic Janata,fjanataek@digg.com,274-685-1395
Page Kleingrub,pkleingrubel@google.pl,756-334-8061
Terri-jo Ciccotti,tciccottiem@icq.com,740-675-8487
Olimpia Cockell,ocockellen@independent.co.uk,337-600-5609
Kym Agutter,kaguttereo@ifeng.com,830-887-3254
Kevin Gomar,kgomarep@ftc.gov,973-102-2772
Hettie Loraine,hloraineeq@sfgate.com,898-342-2872
Travus Fahey,tfaheyer@independent.co.uk,613-971-4231
Betty Rappaport,brappaportes@typepad.com,837-858-4954
Ellene Offner,eoffneret@dell.com,603-860-7578
Christy Sigge,csiggeeu@4shared.com,699-598-6996
Olav Manie,omanieev@opensource.org,590-333-0442
Jemmy Lorman,jlormanew@spiegel.de,525-358-6106
Cacilia Moors,cmoorsex@disqus.com,275-911-3049
Lucio Simonaitis,lsimonaitisey@fotki.com,935-852-2189
Peta Buddleigh,pbuddleighez@microsoft.com,883-394-4778
Maurine Kienl,mkienlf0@japanpost.jp,282-300-9413
Isahella Hertwell,ihertwellf1@artisteer.com,720-736-9886
Gunilla Indgs,gindgsf2@jalbum.net,292-427-5965
Vladimir Ropking,vropkingf3@ucoz.ru,571-423-1213
Nicholas Myall,nmyallf4@nifty.com,880-644-7621
Britt Joel,bjoelf5@discovery.com,968-942-4516
Waldon Musto,wmustof6@reverbnation.com,139-281-8320
Bobby Selman,bselmanf7@bizjournals.com,334-142-0506
Bary Jeffreys,bjeffreysf8@ca.gov,169-673-1714
Amata Willingale,awillingalef9@cbc.ca,214-127-1031
Merrill Lazare,mlazarefa@virginia.edu,979-307-8780
Aloise Siveyer,asiveyerfb@reverbnation.com,320-422-4677
Even Dolbey,edolbeyfc@barnesandnoble.com,462-857-3240
Benedick Braddon,bbraddonfd@washington.edu,174-329-8273
Ivonne McKean,imckeanfe@nhs.uk,992-111-3725
Benn Orrett,borrettff@noaa.gov,671-394-7940
Kristina Braghini,kbraghinifg@xinhuanet.com,959-174-1824
Nani Tippell,ntippellfh@google.pl,887-225-0240
Myranda Hall-Gough,mhallgoughfi@sakura.ne.jp,430-525-5155
Ethelred Wattam,ewattamfj@plala.or.jp,423-733-6439
Felicity Mickelwright,fmickelwrightfk@odnoklassniki.ru,310-842-3945
Hermie Tabour,htabourfl@abc.net.au,163-825-6630
Hiram Dye,hdyefm@about.com,383-475-9695
Taddeo Whimpenny,twhimpennyfn@yale.edu,719-890-9930
Lenka Room,lroomfo@senate.gov,278-425-9588
Kary Sollowaye,ksollowayefp@engadget.com,219-242-9915
Bendick Fansy,bfansyfq@mashable.com,700-995-1394
Lisa Roubeix,lroubeixfr@ftc.gov,963-719-2284
Roanna Rotte,rrottefs@squarespace.com,541-107-3263
Mordecai Romeril,mromerilft@purevolume.com,237-167-0908
Beniamino Kenrat,bkenratfu@chicagotribune.com,938-966-6114
Elizabeth O'Dogherty,eodoghertyfv@elegantthemes.com,169-696-7855
Ursuline Siaspinski,usiaspinskifw@amazon.de,369-819-7108
Karyl Muddle,kmuddlefx@bigcartel.com,358-855-8609
Lurette Gatcliff,lgatclifffy@youku.com,470-331-6079
Dana Duffill,dduffillfz@google.com.br,291-175-4488
Katherine Woollons,kwoollonsg0@google.com.au,883-899-4440
Shaylynn Tartt,starttg1@prweb.com,786-421-5928
Melamie Walczak,mwalczakg2@washingtonpost.com,622-191-2216
Adham Cudde,acuddeg3@jiathis.com,980-301-9067
Leroi Hounson,lhounsong4@sfgate.com,965-490-0267
Brock Bissiker,bbissikerg5@yellowpages.com,527-994-1316
Alma Schall,aschallg6@google.es,336-610-4771
Elnore Fairpool,efairpoolg7@who.int,470-581-1678
Denna Delagua,ddelaguag8@state.gov,631-709-8033
Lucias Godney,lgodneyg9@huffingtonpost.com,400-898-9213
Corey Lawn,clawnga@booking.com,221-527-4621
Kristin Reedyhough,kreedyhoughgb@cloudflare.com,881-759-5303
Duke Fay,dfaygc@ed.gov,733-301-1076
Richmound Fannon,rfannongd@ft.com,340-579-4861
Emlen Lazar,elazarge@sciencedirect.com,997-426-5779
Carissa Peperell,cpeperellgf@hexun.com,275-414-0615
Lucine MacCafferky,lmaccafferkygg@ucoz.com,540-854-1480
Turner Monson,tmonsongh@walmart.com,972-224-2378
Rudd Dutnall,rdutnallgi@is.gd,537-784-2157
Gillian Ever,gevergj@xing.com,682-295-9129
Northrup Godmar,ngodmargk@hostgator.com,771-194-0295
Boone Ammer,bammergl@hao123.com,184-942-5925
Tova Fayerman,tfayermangm@sitemeter.com,574-919-9225
Olenolin Petrishchev,opetrishchevgn@mapy.cz,633-656-4153
Kaylee Dominey,kdomineygo@myspace.com,752-983-9587
Rory Keaves,rkeavesgp@theatlantic.com,309-236-2324
Guillema Baggally,gbaggallygq@fastcompany.com,334-217-2815
Hagen Foggarty,hfoggartygr@cloudflare.com,375-839-6369
Lina Summersby,lsummersbygs@de.vu,236-264-7629
Fallon Craigmile,fcraigmilegt@craigslist.org,540-665-1542
Franny Bugge,fbuggegu@sphinn.com,122-812-2437
Carlie Yoselevitch,cyoselevitchgv@slate.com,233-250-9827
Cedric Dufore,cduforegw@desdev.cn,950-475-6676
Teodor Walkley,twalkleygx@bandcamp.com,436-575-7403
Mayne Wickwar,mwickwargy@w3.org,194-803-5261
Bertie Dunbobin,bdunbobingz@nationalgeographic.com,169-652-0559
Willis Lineker,wlinekerh0@samsung.com,273-510-0880
Malachi Bartoloma,mbartolomah1@php.net,557-433-9517
Nickola Hillum,nhillumh2@bloglines.com,664-657-1141
Carroll Giannini,cgianninih3@issuu.com,650-521-7792
Vin Kidstoun,vkidstounh4@51.la,409-603-8392
Sonnie Morten,smortenh5@time.com,941-475-0852
Igor Feore,ifeoreh6@com.com,946-554-2550
Harvey Poag,hpoagh7@microsoft.com,878-669-8073
Missy Jonuzi,mjonuzih8@squidoo.com,849-448-0816
Avis Matokhnin,amatokhninh9@mtv.com,634-769-8515
Sayre Benham,sbenhamha@wikispaces.com,565-769-5903
Dyanna Bigmore,dbigmorehb@walmart.com,541-980-9704
Keelia Iremonger,kiremongerhc@g.co,450-711-8921
Lane Pottie,lpottiehd@goo.ne.jp,303-161-7654
Benson Rootes,brooteshe@state.gov,817-507-3497
Amberly Hixson,ahixsonhf@mapy.cz,934-589-7272
Dugald Ambrus,dambrushg@hibu.com,148-296-1575
Cami Perillo,cperillohh@barnesandnoble.com,142-251-4200
Lowell Lannen,llannenhi@sourceforge.net,916-457-1825
Shepperd Edlyne,sedlynehj@yandex.ru,622-317-0158
Delainey Wenham,dwenhamhk@wikia.com,328-607-7591
Meggy Luckes,mluckeshl@issuu.com,930-939-0928
Yurik Kirsch,ykirschhm@google.ru,280-226-4489
Meredeth Tapper,mtapperhn@1688.com,390-991-0090
Gretel Chin,gchinho@about.me,858-310-3384
Sebastien Aylesbury,saylesburyhp@scribd.com,977-909-3453
Giacinta Mallall,gmallallhq@photobucket.com,206-930-6909
Edin Birch,ebirchhr@cisco.com,906-894-2358
Jarid de Juares,jdehs@unesco.org,949-486-0487
Molly Durrant,mdurrantht@unblog.fr,412-553-4494
Erie Schirach,eschirachhu@dot.gov,848-847-0535
Farlee Gourlie,fgourliehv@dailymail.co.uk,455-947-1997
Gweneth Madoc-Jones,gmadocjoneshw@posterous.com,589-434-1693
Hube Elder,helderhx@statcounter.com,764-452-3739
Penelope Blagden,pblagdenhy@cam.ac.uk,645-883-7095
Silvano Graybeal,sgraybealhz@prweb.com,141-491-4679
Jaquenetta Martinie,jmartiniei0@state.gov,745-674-2921
Bernice Scarisbrick,bscarisbricki1@sfgate.com,960-355-9686
Lani Gaskell,lgaskelli2@weebly.com,473-468-4003
Edie Weins,eweinsi3@ycombinator.com,290-198-9349
Art Finicj,afinicji4@alibaba.com,967-421-1177
Ravid Rabl,rrabli5@usda.gov,370-795-1523
Kimberly Aiton,kaitoni6@mapy.cz,813-587-0677
Randolph Truckell,rtruckelli7@dedecms.com,623-713-7742
Vere Drinkhill,vdrinkhilli8@slashdot.org,630-982-9519
Imogen Ruby,irubyi9@howstuffworks.com,135-957-3911
Orion Laffin,olaffinia@plala.or.jp,361-750-3017
Daniel Kenyam,dkenyamib@va.gov,150-124-3286
Jimmie Loy,jloyic@fema.gov,549-531-9292
Grannie Claiton,gclaitonid@myspace.com,538-438-7698
Penny Olligan,polliganie@patch.com,791-586-6839
Tabina McCory,tmccoryif@vkontakte.ru,723-369-6329
Laurence Vanyushkin,lvanyushkinig@nps.gov,183-187-7527
Corrinne Martignoni,cmartignoniih@techcrunch.com,109-349-6144
Rennie Dybell,rdybellii@chron.com,359-332-5120
Dore Yeulet,dyeuletij@cyberchimps.com,376-693-1674
Bess Wrout,bwroutik@netscape.com,527-933-6350
Jard Grassett,jgrassettil@usa.gov,408-589-8317
Karita Pena,kpenaim@dailymail.co.uk,178-158-4836
Alethea Merdew,amerdewin@feedburner.com,815-257-3379
Georgeanna Mayhow,gmayhowio@imgur.com,572-293-0190
Rolph Swanbourne,rswanbourneip@harvard.edu,267-386-7221
Electra Arrowsmith,earrowsmithiq@webmd.com,930-250-8982
Ursala O'Keaveny,uokeavenyir@360.cn,776-365-5846
Karin Kingsbury,kkingsburyis@craigslist.org,908-174-5346
Lefty Smellie,lsmellieit@eepurl.com,688-906-2481
Leonie Bowhay,lbowhayiu@multiply.com,294-896-5877
Marjie Connochie,mconnochieiv@adobe.com,357-362-8293
Merl Vescovini,mvescoviniiw@storify.com,235-804-6823
Hilario Hugonneau,hhugonneauix@com.com,789-144-4741
Sammie Uttermare,suttermareiy@vimeo.com,995-774-4618
Katie O'Fearguise,kofearguiseiz@scribd.com,516-888-8882
Alexina Cordsen,acordsenj0@nasa.gov,352-157-7021
Adah Ingerson,aingersonj1@slate.com,399-612-8517
Gillie Somerscales,gsomerscalesj2@w3.org,775-862-8213
Nikos Schiersch,nschierschj3@yale.edu,854-617-4317
Abbe Parrott,aparrottj4@quantcast.com,619-363-0512
Aloysius Galiford,agalifordj5@blog.com,834-409-0892
Frieda Woosnam,fwoosnamj6@behance.net,868-447-6033
Bret Murley,bmurleyj7@census.gov,119-550-0256
Rockie Sobtka,rsobtkaj8@apple.com,282-413-7599
Balduin Leppo,bleppoj9@sbwire.com,431-190-0274
Jolene Keyes,jkeyesja@unblog.fr,269-723-0706
Florette Elbourne,felbournejb@ustream.tv,382-131-5138
Dewie Lamping,dlampingjc@jigsy.com,280-787-9611
Estella McMorran,emcmorranjd@devhub.com,428-585-8855
Katey McGrotty,kmcgrottyje@ameblo.jp,919-857-7598
Melicent Tarry,mtarryjf@a8.net,641-473-8976
Michail Haldane,mhaldanejg@auda.org.au,487-736-7155
Jaime Hutchings,jhutchingsjh@uiuc.edu,124-733-9981
Moyna Goakes,mgoakesji@acquirethisname.com,484-965-2467
Joane Aitchison,jaitchisonjj@prlog.org,990-313-9588
Constanta Tabour,ctabourjk@icq.com,429-341-4678
Carmon Hopkyns,chopkynsjl@mapquest.com,743-189-2147
Blancha Laver,blaverjm@t-online.de,706-917-1939
Malcolm Desvignes,mdesvignesjn@php.net,473-837-8701
Tallou Berlin,tberlinjo@ibm.com,836-682-0404
Tamiko Petters,tpettersjp@nature.com,412-801-8628
Jaine Brea,jbreajq@fema.gov,205-406-7061
Lilly Zecchini,lzecchinijr@ted.com,596-475-7406
Gav Fiddymont,gfiddymontjs@earthlink.net,183-512-6684
Bobette Toffetto,btoffettojt@de.vu,733-871-7660
Ingaberg Adamek,iadamekju@alibaba.com,291-551-9622
Alfreda Bridewell,abridewelljv@pagesperso-orange.fr,958-968-4716
Rose Matisoff,rmatisoffjw@ted.com,503-840-2078
Andra Cropton,acroptonjx@sbwire.com,752-806-3683
Florette Crat,fcratjy@list-manage.com,590-487-6299
Kelly Bartels-Ellis,kbartelsellisjz@surveymonkey.com,803-536-8535
Bank Yielding,byieldingk0@unicef.org,317-836-1181
Karlee Cornew,kcornewk1@moonfruit.com,670-420-1052
Creigh Hoffman,choffmank2@meetup.com,210-141-1582
Elnora Fergyson,efergysonk3@imgur.com,256-397-7543
Koo De Beneditti,kdek4@businessweek.com,446-511-5334
Jerome Behnke,jbehnkek5@alexa.com,140-745-6057
Valeria Theaker,vtheakerk6@biblegateway.com,984-737-7788
Jared Knill,jknillk7@blogs.com,331-850-6478
Cinderella Gare,cgarek8@bravesites.com,841-904-6226
Janos Kegley,jkegleyk9@skype.com,429-508-2935
Diena Bowness,dbownesska@cmu.edu,200-937-2171
Cross Herreran,cherrerankb@skype.com,276-832-4087
Dorri Jovey,djoveykc@soup.io,994-814-9409
Octavia Derisley,oderisleykd@statcounter.com,131-952-5516
Maxie Smalman,msmalmanke@purevolume.com,784-139-5702
Kermit Bony,kbonykf@admin.ch,205-776-6334
Joelynn Brissard,jbrissardkg@irs.gov,840-294-4729
Aldin Dannohl,adannohlkh@t-online.de,207-747-5637
Doyle Livings,dlivingski@angelfire.com,241-920-9090
Tracy Shernock,tshernockkj@addthis.com,533-662-2980
Serena Wakeling,swakelingkk@csmonitor.com,799-694-8622
Kerstin Bench,kbenchkl@4shared.com,579-311-1210
Fanny Blencowe,fblencowekm@google.es,666-951-9233
Misti Tabram,mtabramkn@example.com,416-660-5645
Renata Isard,risardko@usgs.gov,287-477-6438
Augustine Trethewey,atretheweykp@macromedia.com,658-127-0985
Nat Clews,nclewskq@europa.eu,557-797-3853
Erinna Chance,echancekr@toplist.cz,463-670-8320
Aguistin Diehn,adiehnks@pen.io,194-956-8466
Tommie Kennaway,tkennawaykt@amazonaws.com,238-110-6360
Buck Westbrook,bwestbrookku@merriam-webster.com,559-917-9982
Adrian Chalkly,achalklykv@stanford.edu,326-259-9484
Gregor Brocks,gbrockskw@geocities.com,647-567-3634
Malina Daile,mdailekx@nymag.com,261-892-8193
Carly Rodriguez,crodriguezky@netscape.com,203-346-3037
Mahmud Wildman,mwildmankz@slideshare.net,790-683-1409
Zelig Seyler,zseylerl0@cyberchimps.com,169-862-1177
Hieronymus Swatradge,hswatradgel1@skype.com,266-246-4795
Dilly Frowd,dfrowdl2@nbcnews.com,966-122-2776
Valaree Pudding,vpuddingl3@deliciousdays.com,969-393-2365
Cristobal Castellone,ccastellonel4@behance.net,688-267-2681
Odey Nutkin,onutkinl5@meetup.com,608-466-7269
Lombard Schohier,lschohierl6@imageshack.us,129-620-3103
Elisa Gerrets,egerretsl7@pcworld.com,277-741-9360
Lemar Killingworth,lkillingworthl8@bloglovin.com,820-776-9574
Thia Gawith,tgawithl9@lulu.com,841-358-2516
Tait Rubinivitz,trubinivitzla@altervista.org,624-630-7147
Sybila Ewens,sewenslb@cmu.edu,175-218-6468
Giulio Poluzzi,gpoluzzilc@jigsy.com,754-231-2166
Celie Jedras,cjedrasld@whitehouse.gov,408-183-2292
Kilian Dayes,kdayesle@51.la,479-114-8334
Mischa Grimble,mgrimblelf@huffingtonpost.com,289-655-8484
Hodge Hellwing,hhellwinglg@odnoklassniki.ru,918-818-9764
Krystal Hallmark,khallmarklh@naver.com,734-980-4381
De witt Golson,dwittli@eepurl.com,679-591-2228
Skip Sinnett,ssinnettlj@comcast.net,771-244-0380
Willi Ridgers,wridgerslk@microsoft.com,990-116-2107
Chaddie Macy,cmacyll@dailymail.co.uk,695-308-5934
Florella Tetla,ftetlalm@reverbnation.com,342-469-6787
Augusta Schustl,aschustlln@dailymotion.com,278-245-5565
Allen Assender,aassenderlo@tmall.com,705-630-1989
Lola Belton,lbeltonlp@meetup.com,670-221-7846
Marylou Collisson,mcollissonlq@sciencedirect.com,558-857-5784
Aundrea Pagan,apaganlr@virginia.edu,942-626-6724
Lethia Sor,lsorls@cdbaby.com,966-547-9296
Rancell Kynder,rkynderlt@pcworld.com,722-311-7543
Fredek Ferenczi,fferenczilu@biblegateway.com,323-533-5388
Jill Rosedale,jrosedalelv@guardian.co.uk,505-532-1222
William Bishopp,wbishopplw@theglobeandmail.com,869-572-8703
Sheelagh Christophersen,schristophersenlx@springer.com,765-230-8516
Victor O'Hogertie,vohogertiely@bloglines.com,606-761-1058
Wit Gronow,wgronowlz@webs.com,365-191-7550
Dian Malyan,dmalyanm0@so-net.ne.jp,414-773-3840
Cicily Castiglioni,ccastiglionim1@squarespace.com,745-558-0698
Stanford Bugdale,sbugdalem2@mail.ru,577-376-3257
Benoite Grenfell,bgrenfellm3@nasa.gov,275-370-6909
Lester Mayler,lmaylerm4@facebook.com,649-160-0214
Flint Magowan,fmagowanm5@google.it,568-132-8141
Bette Imort,bimortm6@printfriendly.com,898-512-2385
Zachery Sidey,zsideym7@mail.ru,426-936-9432
Reidar Bugler,rbuglerm8@washingtonpost.com,705-444-3385
Oona Collyear,ocollyearm9@mediafire.com,311-189-0827
Tamas Elgee,telgeema@lulu.com,587-681-0792
Andree Ashbe,aashbemb@bbc.co.uk,692-989-7480
Ann-marie Yesson,ayessonmc@nytimes.com,804-192-1120
Anatole Coffee,acoffeemd@rakuten.co.jp,950-429-1368
Amitie Wetherald,awetheraldme@uol.com.br,707-180-5859
Prudy Bonallick,pbonallickmf@nba.com,360-537-0197
Luigi Keemar,lkeemarmg@admin.ch,109-146-9173
Araldo Gytesham,agyteshammh@wikimedia.org,238-764-4157
Keriann Berrington,kberringtonmi@walmart.com,212-305-6076
Aluino Oxley,aoxleymj@newsvine.com,222-658-5664
Grant Hutchinson,ghutchinsonmk@youku.com,292-734-6045
Lindie Brideaux,lbrideauxml@guardian.co.uk,486-219-7392
Abagail Claughton,aclaughtonmm@auda.org.au,100-379-0771
Arin Bellini,abellinimn@altervista.org,955-555-3218
Ebenezer McVicar,emcvicarmo@usa.gov,700-115-4581
Leonid Hefner,lhefnermp@howstuffworks.com,469-292-1843
Shawnee Errichiello,serrichiellomq@cpanel.net,170-998-8869
Kayne Beggin,kbegginmr@statcounter.com,329-915-8117
Aubine Eva,aevams@naver.com,835-724-3326
Emmit Dolby,edolbymt@irs.gov,263-103-5224
Steffen Thridgould,sthridgouldmu@archive.org,336-164-4334
Massimiliano Ballintime,mballintimemv@mac.com,868-610-2162
Euell Fosse,efossemw@tumblr.com,214-977-0648
Julie Bront,jbrontmx@bluehost.com,952-617-6960
Solly Hurford,shurfordmy@jimdo.com,444-284-4257
Filmer Cattel,fcattelmz@seesaa.net,503-574-4672
Lil Cornewall,lcornewalln0@ted.com,350-224-8376
Mireille Snozzwell,msnozzwelln1@infoseek.co.jp,580-546-4495
Zolly Edmons,zedmonsn2@topsy.com,499-623-8156
Adriena Cosbee,acosbeen3@spiegel.de,164-881-9046
Lizabeth Ennever,lennevern4@com.com,321-490-9052
Flss Coulter,fcoultern5@scribd.com,790-490-4050
Dilly McConville,dmcconvillen6@reference.com,312-315-6402
Rudolph Woodfield,rwoodfieldn7@reference.com,486-262-3222
Artus Gudeman,agudemann8@wired.com,387-118-2877
Dierdre Blachford,dblachfordn9@typepad.com,610-873-5794
Paolina Banner,pbannerna@archive.org,344-414-2544
Martica Daugherty,mdaughertynb@va.gov,844-426-2774
Carmina Ovey,coveync@smh.com.au,783-153-1400
Olvan McGilvary,omcgilvarynd@g.co,791-940-4932
George Dyhouse,gdyhousene@eventbrite.com,115-137-0296
Lesya Piniur,lpiniurnf@cbslocal.com,711-543-1877
Glory Alebrooke,galebrookeng@people.com.cn,233-283-2216
Thomasin Ordidge,tordidgenh@shinystat.com,644-738-3328
Charleen Tellenbach,ctellenbachni@boston.com,561-229-8570
Igor Lindley,ilindleynj@ovh.net,663-797-4773
Charlean Timmes,ctimmesnk@blog.com,718-499-7346
Olivette Bernhardsson,obernhardssonnl@ihg.com,794-115-5819
Roth Gravett,rgravettnm@goo.ne.jp,861-483-0709
Clerissa Lassell,classellnn@fda.gov,154-232-9792
Maire Vittel,mvittelno@sbwire.com,573-177-1101
Mattias Kubicek,mkubiceknp@ovh.net,503-651-5737
Magda Hoys,mhoysnq@npr.org,942-472-1381
Emmalynne Daventry,edaventrynr@cbsnews.com,161-681-9415
Daphna Durbin,ddurbinns@cdc.gov,922-118-2103
Galvin Orgee,gorgeent@harvard.edu,954-696-1905
Giustino Sainsberry,gsainsberrynu@microsoft.com,591-876-2628
Theodosia Rennenbach,trennenbachnv@purevolume.com,247-663-3742
Hersch Shinefield,hshinefieldnw@state.tx.us,721-761-4221
Pier Courtman,pcourtmannx@ft.com,855-250-0069
Miran Cowell,mcowellny@youtube.com,517-721-9775
Joanna Newsham,jnewshamnz@de.vu,253-309-3656
Gustavus Statefield,gstatefieldo0@washingtonpost.com,384-896-9853
Deina Alway,dalwayo1@walmart.com,997-919-8475
Wadsworth Trorey,wtroreyo2@businessweek.com,279-751-7495
Sherie Bente,sbenteo3@arstechnica.com,783-147-5187
Alfreda Lindwall,alindwallo4@ibm.com,441-797-0476
Aldis Preist,apreisto5@hud.gov,812-462-8477
Gilberta D'Elias,gdeliaso6@shop-pro.jp,761-302-1416
Junia Wicks,jwickso7@dot.gov,426-402-5465
Pamelina Druery,pdrueryo8@boston.com,873-142-1520
Shepard Drewson,sdrewsono9@ebay.co.uk,738-592-5399
Jeffrey Simondson,jsimondsonoa@buzzfeed.com,138-377-3500
Erwin Ekins,eekinsob@stumbleupon.com,741-575-3678
Craggie Guillerman,cguillermanoc@prlog.org,170-835-7823
Cass Ditch,cditchod@wikispaces.com,705-263-9032
Geoffrey Renshaw,grenshawoe@i2i.jp,905-917-7437
Denyse Barok,dbarokof@seattletimes.com,740-580-2236
Ed Paroni,eparoniog@wordpress.org,731-656-4454
Charil Velti,cveltioh@tinypic.com,442-191-3445
Gawen Marc,gmarcoi@printfriendly.com,122-586-9109
Lindi Gori,lgorioj@free.fr,866-951-4698
Carolyne Heinritz,cheinritzok@1und1.de,250-370-2258
Gay Crotty,gcrottyol@wordpress.org,125-238-7618
Fan Lochet,flochetom@forbes.com,909-385-9996
Rodger Walwood,rwalwoodon@vistaprint.com,559-571-2164
Raynard Eynald,reynaldoo@cyberchimps.com,578-508-9071
Lind Lorek,llorekop@phoca.cz,184-481-1234
Dominique Barrick,dbarrickoq@jiathis.com,760-530-8489
Berkley Moulson,bmoulsonor@google.ru,340-370-4113
Mariquilla Timbridge,mtimbridgeos@live.com,945-613-7674
Avivah Worwood,aworwoodot@soundcloud.com,528-616-1979
Grethel Croydon,gcroydonou@networkadvertising.org,865-766-1794
Sena Opy,sopyov@mayoclinic.com,222-194-0369
Camellia Greg,cgregow@hp.com,471-277-3345
Christian Lammas,clammasox@thetimes.co.uk,890-545-4048
Ivory Gwilym,igwilymoy@thetimes.co.uk,139-493-8153
Marketa Flanagan,mflanaganoz@cam.ac.uk,252-628-9849
Gwenni Lampett,glampettp0@smugmug.com,330-498-8933
Breena Janowski,bjanowskip1@flickr.com,312-750-1780
Donna Gooderridge,dgooderridgep2@amazon.de,338-944-9073
Bendix Guitonneau,bguitonneaup3@163.com,220-393-9852
Mufi Ecclesall,mecclesallp4@ft.com,569-923-9232
Cozmo Banbrigge,cbanbriggep5@uiuc.edu,145-727-6396
Shadow Arkell,sarkellp6@reference.com,953-700-3368
Donella Ruddlesden,druddlesdenp7@mac.com,245-291-9688
Edin Powlett,epowlettp8@cpanel.net,593-447-8049
Rachel Camoletto,rcamolettop9@blogtalkradio.com,786-533-4401
Marianne Witham,mwithampa@fema.gov,696-932-8576
Berkly McPeeters,bmcpeeterspb@mapy.cz,187-178-1397
Clara Crosgrove,ccrosgrovepc@barnesandnoble.com,895-535-7456
Xylina Vant,xvantpd@networkadvertising.org,937-499-3278
Lenka Arrault,larraultpe@wsj.com,851-528-9576
Hollie Bligh,hblighpf@booking.com,659-825-3826
Adolph Brisard,abrisardpg@hexun.com,430-768-8877
Aaren Hunte,ahunteph@paginegialle.it,119-972-3493
Faulkner Hurnell,fhurnellpi@so-net.ne.jp,259-642-8741
Chevalier Trayte,ctraytepj@sciencedaily.com,949-428-0403
Myranda Lovat,mlovatpk@columbia.edu,677-770-2301
Tarra Metson,tmetsonpl@feedburner.com,221-704-6242
Carmelina Domney,cdomneypm@e-recht24.de,899-581-2233
Adelice Longmaid,alongmaidpn@nationalgeographic.com,828-222-6840
Angeli Christescu,achristescupo@jigsy.com,156-959-9608
Kerrie Armor,karmorpp@smh.com.au,435-757-7193
Ellerey Ganley,eganleypq@lycos.com,885-916-4637
Alwyn Chaff,achaffpr@reddit.com,244-846-6998
Eldin Pietraszek,epietraszekps@bravesites.com,218-899-7061
Dominga Robe,drobept@e-recht24.de,318-883-4992
Reg Broggelli,rbroggellipu@drupal.org,630-211-5687
Marilin Pencott,mpencottpv@squidoo.com,847-367-2335
Shelley Shuttell,sshuttellpw@engadget.com,353-776-7566
Wilt MacNamara,wmacnamarapx@hugedomains.com,545-100-0424
Carl Carrol,ccarrolpy@cbsnews.com,338-506-1129
Yoshi Gillfillan,ygillfillanpz@salon.com,877-346-1613
Christophe Macoun,cmacounq0@hao123.com,873-335-3996
Aura Geeritz,ageeritzq1@spotify.com,196-281-9893
Merrel Audibert,maudibertq2@bravesites.com,852-543-3618
Barbe Mulford,bmulfordq3@ow.ly,370-655-6831
Borden Berkowitz,bberkowitzq4@people.com.cn,265-413-5542
Dody Poupard,dpoupardq5@joomla.org,454-849-5712
Georgianna Gillies,ggilliesq6@japanpost.jp,353-918-2147
Anjela Prantl,aprantlq7@walmart.com,204-452-9206
Gerhard Soldner,gsoldnerq8@odnoklassniki.ru,324-499-4884
Vidovik Van de Castele,vvanq9@army.mil,943-414-1549
Steve Haseman,shasemanqa@guardian.co.uk,580-971-6596
Madelaine MacCoughan,mmaccoughanqb@a8.net,969-739-2426
Duffy Jessard,djessardqc@nymag.com,165-297-0469
Sharon Winspar,swinsparqd@photobucket.com,786-258-2588
Averyl Whalley,awhalleyqe@microsoft.com,930-337-0990
Rolf Bunn,rbunnqf@infoseek.co.jp,139-667-4988
Jacquette Jeacop,jjeacopqg@oracle.com,783-215-1911
Rocky Dunniom,rdunniomqh@paypal.com,613-438-6099
Xenos O'Shee,xosheeqi@ucoz.com,524-883-9525
Sherwynd Sandiland,ssandilandqj@moonfruit.com,255-555-5416
Elmira Cadwaladr,ecadwaladrqk@pbs.org,125-280-4391
Fernando Buttner,fbuttnerql@typepad.com,528-391-1724
Marrissa Beharrell,mbeharrellqm@geocities.com,916-832-3808
Courtenay Drinkhill,cdrinkhillqn@people.com.cn,655-570-3494
Susana Zeal,szealqo@cdbaby.com,468-535-6664
Udall Widd,uwiddqp@google.com,385-250-0047
Wald Billingsly,wbillingslyqq@marketwatch.com,232-365-6125
Antonin Seiller,aseillerqr@imgur.com,835-211-7967
Lucia Marrow,lmarrowqs@yolasite.com,155-740-9015
Dolly Ochterlonie,dochterlonieqt@jigsy.com,870-165-9654
Arabela Moynihan,amoynihanqu@reference.com,216-712-3995
Carolyn Tricker,ctrickerqv@mediafire.com,157-112-4316
Shea Plows,splowsqw@vimeo.com,609-970-9129
Amy Pennings,apenningsqx@indiegogo.com,837-161-8502
Marwin Wraggs,mwraggsqy@t.co,852-501-0401
Gerladina Wasiel,gwasielqz@addthis.com,459-793-4411
Angelita Mayo,amayor0@list-manage.com,308-834-2493
Roarke Ambrosio,rambrosior1@nasa.gov,155-484-8163
Ignacio Shalloo,ishalloor2@cbc.ca,974-771-3931
Miguela Davys,mdavysr3@sun.com,227-318-9083
Kip Widdison,kwiddisonr4@about.me,940-916-2149
Devon Dalgleish,ddalgleishr5@soup.io,807-323-6528
Ervin Petrina,epetrinar6@digg.com,437-399-8476
Karyn Alenov,kalenovr7@rakuten.co.jp,697-910-1636
Colline Kippin,ckippinr8@scientificamerican.com,953-331-8596
Field Hambrick,fhambrickr9@bloglovin.com,465-675-8057
Ardenia Durtnall,adurtnallra@aol.com,481-940-0475
Nariko Finnick,nfinnickrb@meetup.com,250-303-1889
Kettie Pensom,kpensomrc@shareasale.com,907-276-6446
Carlene O'Downe,codownerd@mlb.com,253-644-2560
Riordan Conre,rconrere@ehow.com,312-558-3008
Dougie Aggas,daggasrf@bigcartel.com,479-323-6409
Gabbey MacGregor,gmacgregorrg@cpanel.net,497-837-3337
Cynthie Saffle,csafflerh@bloglovin.com,439-951-8487
Janek Fayerman,jfayermanri@google.cn,306-335-7315
Jillene McColgan,jmccolganrj@walmart.com,436-118-1446
Terrye Pettit,tpettitrk@cocolog-nifty.com,805-459-7644
Vinnie Aylin,vaylinrl@hubpages.com,667-473-8044
Donaugh Newband,dnewbandrm@hubpages.com,898-713-8532
Bryn Marfell,bmarfellrn@theatlantic.com,462-840-5515
Wernher Froom,wfroomro@harvard.edu,353-629-4416
Devora Formigli,dformiglirp@cafepress.com,584-683-1965
Byram D'Aeth,bdaethrq@imdb.com,924-403-6013
Emera Dreelan,edreelanrr@printfriendly.com,604-314-9384
